Date,Open,Close,High,Low,Volume
2019-09-06,231.00,229.02,231.20,228.36,37942350
2019-09-05,229.50,230.79,230.93,228.36,54900790
2019-09-04,225.30,227.10,227.50,224.69,41663520
2019-09-03,225.95,224.00,226.25,222.05,44560910
2019-09-02,224.10,226.68,227.84,223.41,38941480
2019-08-30,221.94,224.20,225.20,221.21,58186220
2019-08-29,218.49,221.50,221.50,218.05,35897160
2019-08-28,218.07,218.30,219.08,217.18,30298300
2019-08-27,218.95,217.89,219.05,215.61,51340690
2019-08-26,217.50,218.50,219.64,216.53,35264670
2019-08-23,220.20,219.50,223.10,217.86,54778400
2019-08-22,218.21,219.50,220.40,217.35,45760130
2019-08-21,216.97,218.62,219.50,215.80,42949600
2019-08-20,217.75,216.00,219.23,215.53,37017510
2019-08-19,217.00,217.40,218.20,214.06,37788830
2019-08-16,215.90,215.05,216.75,213.91,38449500
2019-08-15,218.50,214.59,218.94,212.88,68320490
2019-08-14,224.10,217.11,224.25,216.60,52025460
2019-08-13,221.31,223.18,225.72,220.07,46729240
2019-08-12,222.38,222.30,222.99,219.74,28795640
2019-08-09,224.05,220.67,224.36,220.67,31503650
2019-08-08,224.60,223.93,225.90,223.18,31264340
2019-08-07,225.85,222.25,227.60,221.90,49612760
2019-08-06,222.82,226.01,226.88,222.30,48804210
2019-08-05,219.72,222.24,224.00,219.45,49233230
2019-08-02,224.91,220.81,226.88,220.30,94676140
2019-08-01,232.15,229.50,232.46,228.50,56165810
2019-07-31,237.50,233.49,237.55,233.11,50848521
2019-07-30,233.03,236.00,236.00,231.13,34843870
2019-07-29,230.75,232.80,233.74,230.18,18373570
2019-07-26,232.40,230.55,233.99,230.25,25918140
2019-07-25,230.00,232.90,234.65,229.02,33078390
2019-07-24,233.70,230.65,234.00,229.90,27365890
2019-07-23,230.50,232.48,232.83,228.52,36363560
2019-07-22,233.00,230.35,233.98,228.57,37949300
2019-07-19,236.34,232.85,237.93,232.32,34706170
2019-07-18,234.00,234.78,236.40,233.50,23057060
2019-07-17,234.32,234.63,238.04,233.50,33529510
2019-07-16,234.68,234.75,235.30,232.25,36223090
2019-07-15,237.90,235.27,238.59,234.23,45070430
2019-07-12,241.29,237.02,241.50,236.37,47691520
2019-07-11,244.50,241.30,244.97,240.17,33165890
2019-07-10,243.10,243.76,245.50,242.01,41599960
2019-07-09,243.00,242.74,243.70,241.87,26380230
2019-07-08,242.13,243.30,243.30,240.68,28620550
2019-07-05,242.91,242.83,243.50,241.61,27870840
2019-07-04,241.97,242.82,243.00,240.81,25316980
2019-07-03,241.00,241.51,243.70,240.17,32731470
2019-07-02,242.51,241.20,242.74,239.70,28583620
2019-07-01,240.98,242.98,243.90,240.21,50758220
2019-06-28,240.00,238.55,241.23,237.87,33405070
2019-06-27,240.42,240.50,242.44,238.30,48171380
2019-06-26,236.80,240.59,241.37,235.81,39714300
2019-06-25,238.98,236.70,239.20,234.20,38549170
2019-06-24,239.06,239.09,240.75,238.42,27723430
2019-06-21,243.00,238.02,243.90,237.56,61061660
2019-06-20,242.00,244.10,244.99,241.40,64381820
2019-06-19,242.95,240.40,242.95,238.70,33945380
2019-06-18,237.25,241.80,241.99,236.36,48958470
2019-06-17,239.00,237.80,240.87,237.50,33622230
2019-06-14,240.55,238.80,243.80,237.10,50410248
2019-06-13,236.55,240.49,241.07,232.55,75253430
2019-06-11,235.51,235.89,239.00,235.11,67944000
2019-06-10,249.55,249.00,250.65,245.20,62696710
2019-06-07,246.36,248.28,249.00,246.06,68423470
2019-06-06,238.87,244.89,246.34,238.53,61360950
2019-06-05,236.00,239.00,240.30,235.11,52861630
2019-06-04,239.88,236.00,240.25,234.80,70070790
2019-06-03,231.18,239.95,241.50,230.35,84461310
2019-05-31,230.56,233.24,234.10,229.21,53532020
2019-05-30,234.55,232.75,235.21,231.91,36413600
2019-05-29,232.10,233.40,234.30,230.25,51831510
2019-05-28,236.50,233.19,237.47,230.60,74118940
2019-05-27,235.28,236.00,237.00,233.83,27786310
2019-05-24,231.20,234.45,236.45,231.20,65885440
2019-05-23,234.50,229.30,235.37,228.57,51517700
2019-05-22,233.13,235.86,237.40,230.80,59430610
2019-05-21,227.02,232.71,232.71,226.04,59079510
2019-05-20,228.23,226.00,229.18,225.10,30226170
2019-05-17,227.00,226.94,228.24,226.00,28523030
2019-05-16,229.00,228.19,231.45,227.59,40133150
2019-05-15,228.92,228.69,230.96,224.43,61125230
2019-05-14,224.55,227.88,230.55,224.55,76594470
2019-05-13,226.51,224.22,228.67,224.15,47092220
2019-05-10,227.00,227.00,229.49,226.11,44398820
2019-05-08,231.03,230.00,232.50,229.50,42299640
2019-05-07,232.70,231.49,234.34,230.26,46520740
2019-05-06,228.75,232.80,232.80,227.00,48493800
2019-05-03,229.70,232.52,233.00,228.55,47635490
2019-05-02,226.00,229.10,229.84,225.85,36536970
2019-04-30,229.01,225.17,229.02,223.81,63461350
2019-04-29,223.70,228.80,229.09,223.05,48833240
2019-04-26,227.46,223.18,227.47,222.08,94128120
2019-04-25,235.68,227.80,236.00,227.80,100809150
2019-04-24,235.00,236.00,236.47,233.94,43619460
2019-04-23,236.00,235.67,237.56,234.16,56873940
2019-04-22,233.70,235.41,236.09,233.05,44282380
2019-04-19,233.49,232.60,233.50,231.90,12300520
2019-04-18,233.83,232.79,234.11,230.84,55729500
2019-04-17,234.50,234.30,235.75,232.00,70239480
2019-04-16,239.00,233.24,239.50,232.32,86433710
2019-04-15,240.35,237.80,242.30,237.06,47884980
2019-04-12,240.00,239.50,243.15,237.00,96227220
2019-04-11,244.40,238.86,247.23,238.86,105413510
2019-04-10,239.00,243.68,245.25,237.94,129370870
2019-04-09,233.50,238.00,238.90,232.39,117431200
2019-04-08,227.93,232.30,232.30,227.90,70857870
2019-04-05,222.60,227.50,227.70,222.03,78052850
2019-04-04,218.49,221.80,221.85,218.01,51964100
2019-04-03,220.10,219.05,224.16,218.88,92738080
2019-04-02,218.75,218.23,219.32,216.80,49230090
2019-04-01,215.05,217.70,218.11,215.01,51803650
2019-03-29,215.99,214.42,218.19,214.40,85814090
2019-03-28,214.15,215.07,215.95,213.72,47565550
2019-03-27,218.20,214.10,219.25,214.10,71996140
2019-03-26,214.70,218.00,218.46,213.13,81466100
2019-03-25,206.63,214.00,214.20,205.55,108111450
2019-03-22,210.61,207.70,211.29,206.70,49421400
2019-03-21,210.25,210.61,212.29,209.77,67037150
2019-03-20,207.60,209.80,209.84,206.40,55535200
2019-03-19,206.40,207.70,208.31,205.93,47791920
2019-03-18,204.25,205.90,206.14,204.11,40854520
2019-03-15,204.20,203.55,204.95,203.55,35953260
2019-03-14,205.60,203.66,206.38,203.50,43879390
2019-03-13,204.69,206.00,206.00,203.80,28536880
2019-03-12,206.50,205.10,206.89,204.40,42292620
2019-03-11,203.20,205.25,205.60,202.56,42484580
2019-03-07,205.10,203.95,206.67,203.50,46079750
2019-03-06,202.74,205.00,205.70,202.60,52940220
2019-03-05,204.90,202.92,204.90,202.25,46422920
2019-03-04,207.00,205.50,207.50,205.25,31661100
2019-03-01,208.48,206.54,209.00,206.10,46106110
2019-02-28,205.00,207.80,208.89,204.16,62340230
2019-02-27,206.05,205.40,206.90,203.90,54146260
2019-02-26,204.80,205.80,205.80,202.90,50829020
2019-02-25,205.50,205.86,208.60,204.20,70929780
2019-02-22,203.61,205.25,206.10,203.03,45768640
2019-02-21,207.55,203.41,207.87,202.30,68159040
2019-02-20,203.90,206.89,206.89,203.23,66813180
2019-02-19,203.60,202.08,205.60,201.10,66705090
2019-02-18,208.83,204.19,209.73,203.20,76658220
2019-02-15,205.92,208.00,209.00,205.52,79213270
2019-02-14,208.50,204.43,209.85,201.70,155830530
2019-02-13,219.62,213.90,220.70,213.10,85228940
2019-02-12,214.80,219.10,219.45,214.60,73724050
2019-02-11,211.00,214.00,214.72,210.80,49657780
2019-02-08,210.00,210.43,211.93,208.70,51799020
2019-02-07,216.00,211.01,216.65,210.60,69248500
2019-02-06,217.90,216.59,218.15,215.41,46155500
2019-02-05,216.00,217.85,218.55,214.61,46690970
2019-02-04,216.25,215.50,217.14,215.06,40925530
2019-02-01,218.00,216.29,218.70,215.01,55512060
2019-01-31,215.17,217.90,218.10,214.67,80344740
2019-01-30,213.80,213.14,215.70,212.22,59319900
2019-01-29,209.71,213.61,214.49,206.91,63963210
2019-01-28,212.00,209.70,213.30,207.63,56537300
2019-01-25,212.76,212.00,214.14,211.01,58844660
2019-01-24,210.40,212.20,213.43,208.55,78537190
2019-01-23,207.78,210.40,212.00,207.52,79765560
2019-01-22,206.66,207.95,208.88,205.63,51361560
2019-01-21,208.91,207.17,210.20,207.17,55523010
2019-01-18,204.60,208.44,208.44,203.83,74335240
2019-01-17,201.66,203.32,203.55,201.05,59989420
2019-01-16,198.64,201.26,201.30,198.02,62469270
2019-01-15,197.40,198.00,198.84,195.91,53217180
2019-01-14,195.70,196.80,197.44,194.00,44774070
2019-01-11,197.11,196.80,198.96,195.61,63811140
2019-01-10,196.25,196.75,197.64,195.03,56378780
2019-01-09,192.71,197.00,197.00,192.10,70707820
2019-01-08,191.65,191.24,193.18,190.37,38856560
2019-01-04,188.00,190.99,190.99,187.77,32583360
2019-01-03,186.37,186.99,191.50,186.00,40249190
2018-12-29,186.90,186.30,187.00,185.31,9167600
2018-12-28,185.78,186.50,187.22,184.98,39831090
2018-12-27,187.40,185.00,187.40,184.18,47527120
2018-12-26,183.90,183.40,185.50,182.35,30129900
2018-12-25,182.42,183.30,183.47,179.04,34732450
2018-12-24,186.10,184.30,187.26,183.51,32587550
2018-12-21,188.74,186.79,190.05,185.70,60633190
2018-12-20,186.00,189.30,191.82,185.31,88123070
2018-12-19,185.50,188.85,188.85,184.35,61953220
2018-12-18,180.59,186.60,186.60,180.37,80342620
2018-12-17,184.63,182.30,186.96,182.11,59876690
2018-12-14,188.50,184.93,189.10,183.73,73307750
2018-12-13,190.25,189.17,191.55,188.56,43518129
2018-12-12,193.30,190.45,193.90,190.45,50988040
2018-12-11,192.15,192.57,193.80,190.20,54872050
2018-12-10,192.75,191.80,193.92,190.39,61815010
2018-12-07,193.51,195.01,196.35,192.20,64007740
2018-12-06,194.00,192.19,194.23,190.11,64556990
2018-12-05,195.70,196.00,196.80,194.05,49771400
2018-12-04,200.30,199.00,200.70,196.93,58006750
2018-12-03,197.99,200.30,201.90,197.58,81820020
2018-11-30,194.00,194.00,194.25,191.22,67411490
2018-11-29,191.85,195.76,196.37,191.10,83234570
2018-11-28,191.60,190.20,193.27,189.45,60385380
2018-11-27,189.98,191.03,192.45,188.11,87812910
2018-11-26,197.50,188.50,197.79,185.53,117412600
2018-11-23,198.58,197.30,198.77,194.86,50984250
2018-11-22,198.00,199.40,200.01,195.92,49731020
2018-11-21,194.21,197.50,198.40,193.38,58475250
2018-11-20,197.30,194.21,197.80,191.81,66392190
2018-11-19,198.98,197.99,200.70,197.50,50559670
2018-11-16,201.12,199.26,203.50,198.71,66434280
2018-11-15,200.01,200.15,202.50,199.50,62376350
2018-11-14,195.21,199.20,199.56,193.18,83071810
2018-11-13,195.50,196.56,199.70,193.68,78638020
2018-11-12,197.97,196.82,201.85,196.40,82362733
2018-11-09,200.32,195.75,201.96,194.33,96097995
2018-11-08,201.98,202.89,204.70,200.10,94737130
2018-11-07,197.41,201.90,203.00,195.40,98634401
2018-11-06,194.50,197.80,197.85,193.73,65904635
2018-11-02,189.99,192.60,192.98,188.57,69326534
2018-11-01,189.50,188.67,191.36,186.70,77588390
2018-10-31,186.20,189.80,189.80,184.83,66890740
2018-10-30,183.88,184.78,186.82,181.74,61227050
2018-10-29,180.60,185.59,186.30,178.64,61368040
2018-10-26,185.77,181.00,185.85,178.27,92868230
2018-10-25,185.51,186.71,188.75,184.03,80112060
2018-10-24,182.50,188.01,189.25,180.50,106815000
2018-10-23,178.89,181.00,182.50,177.02,77903730
2018-10-22,184.86,180.70,187.72,180.03,92854160
2018-10-19,191.15,183.80,191.70,183.80,96950320
2018-10-18,193.50,191.00,194.20,190.80,49394850
2018-10-17,198.47,194.05,198.80,192.92,79027881
2018-10-16,190.02,196.05,196.20,189.00,64061081
2018-10-15,192.50,190.92,193.89,189.45,54220850
2018-10-12,187.80,191.85,192.16,187.61,63094290
2018-10-11,184.85,185.27,187.83,182.30,125364362
2018-10-10,192.00,189.89,195.12,188.81,67336630
2018-10-09,193.50,191.25,196.04,188.70,86121480
2018-10-08,187.00,191.85,193.60,182.51,82502650
2018-10-05,188.99,187.20,191.59,185.05,103279820
2018-10-04,197.91,189.35,198.19,189.25,87452119
2018-10-03,200.00,198.30,202.47,196.85,76679890
2018-10-02,205.16,199.50,205.98,198.62,79003432
2018-10-01,204.50,204.20,205.25,201.71,55013681
2018-09-28,204.93,203.32,205.67,200.10,101839410
2018-09-27,195.00,204.10,204.10,194.56,101333905
2018-09-26,195.52,195.79,197.40,193.59,61988580
2018-09-25,199.70,195.55,201.00,195.06,90058282
2018-09-24,194.60,198.75,199.06,194.29,76000900
2018-09-21,191.16,193.44,194.68,188.83,109182052
2018-09-20,194.30,191.16,197.73,191.16,133004442
2018-09-19,192.30,193.90,193.97,191.47,61065690
2018-09-18,188.30,191.65,192.69,186.51,83601970
2018-09-17,190.00,188.11,192.07,186.60,67025000
2018-09-14,185.00,188.71,189.00,182.53,127908271
2018-09-13,174.50,183.50,189.04,174.50,194913205
2018-09-12,170.20,173.90,175.19,169.40,93574141
2018-09-11,171.23,169.36,172.67,165.90,93278704
2018-09-10,175.03,171.21,175.97,169.85,77730590
2018-09-07,175.47,174.90,177.45,173.85,68532830
2018-09-06,177.25,175.00,180.18,175.00,49419914
2018-09-05,178.50,178.46,181.25,178.28,44505055
2018-09-04,182.00,179.50,182.49,177.71,56794610
2018-09-03,181.72,181.21,182.87,180.15,31275260
2018-08-31,177.61,182.00,182.00,175.61,63814121
2018-08-30,184.61,178.00,185.57,177.25,66285520
2018-08-29,182.77,183.50,183.85,181.31,39285222
2018-08-28,183.35,182.00,184.64,181.22,49610470
2018-08-27,181.47,183.27,183.83,180.52,51721522
2018-08-24,178.00,180.39,180.39,172.80,133262230
2018-08-23,188.44,178.71,189.06,178.55,147648980
2018-08-22,192.43,187.80,193.69,187.56,66396800
2018-08-21,192.00,191.80,192.34,189.55,40349600
2018-08-20,190.99,191.20,193.99,190.64,49443100
2018-08-17,191.83,189.55,192.43,188.59,45242728
2018-08-16,189.00,191.60,192.28,188.22,54684035
2018-08-15,192.35,187.98,194.00,186.53,77725380
2018-08-14,192.98,192.76,195.98,188.20,82753490
2018-08-13,182.05,190.00,193.39,180.15,106701070
2018-08-10,194.00,186.15,196.85,183.01,113592570
2018-08-09,189.99,195.90,195.90,182.06,160336492
2018-08-08,201.53,193.20,202.45,191.51,142075230
2018-08-07,205.19,201.79,207.95,201.55,60553420
2018-08-06,201.80,203.90,205.20,199.57,52730870
2018-08-03,206.49,202.21,206.55,202.00,74165120
2018-08-02,208.54,206.60,211.72,205.13,58115720
2018-08-01,213.50,210.60,215.20,210.57,37666670
2018-07-31,211.09,214.86,214.94,210.24,45260969
2018-07-30,207.77,211.33,212.49,206.56,48372869
2018-07-27,210.00,208.90,211.22,205.58,58628499
2018-07-26,215.70,210.00,216.51,209.11,59754671
2018-07-25,211.00,213.70,215.45,208.34,76868220
2018-07-24,209.00,215.45,215.45,208.92,54142604
2018-07-23,205.40,208.42,210.40,205.25,55275830
2018-07-20,207.77,204.34,210.95,201.10,126702690
2018-07-19,216.90,207.50,217.11,206.56,93333130
2018-07-18,222.00,216.28,224.00,215.64,61197290
2018-07-17,227.00,222.50,227.00,220.52,62586307
2018-07-16,230.10,227.99,231.00,226.42,35580230
2018-07-13,227.30,229.85,230.86,227.22,39651360
2018-07-12,226.76,226.60,228.45,225.10,40488180
2018-07-11,229.20,227.57,229.20,224.80,58161120
2018-07-10,230.95,230.30,232.25,228.00,43340466
2018-07-09,228.50,230.00,231.24,228.20,50070320
2018-07-06,225.01,226.71,227.59,221.61,55248910
2018-07-05,217.50,224.54,224.54,216.85,53737320
2018-07-04,218.23,217.70,219.56,216.61,20278040
2018-07-03,221.01,218.45,222.45,217.10,38401990
2018-07-02,217.01,221.01,222.83,216.00,55213170
2018-06-29,210.10,218.00,218.30,210.09,76710160
2018-06-28,207.85,208.50,210.63,207.01,46877430
2018-06-27,201.85,207.95,209.33,198.55,81134771
2018-06-26,203.64,199.91,205.00,199.60,54748040
2018-06-25,204.50,202.51,206.94,202.51,56516990
2018-06-22,211.62,214.43,215.00,209.62,67568430
2018-06-21,212.25,210.40,214.16,208.62,65102971
2018-06-20,207.00,212.20,212.37,207.00,60991640
2018-06-19,204.00,206.00,206.77,202.11,51734620
2018-06-18,209.00,206.30,211.20,205.01,54276700
2018-06-15,213.90,209.36,215.00,207.90,86209930
2018-06-14,214.82,214.00,217.49,213.60,42732411
2018-06-13,211.23,215.00,216.13,209.63,48675611
2018-06-11,212.50,210.35,213.61,208.33,28264070
2018-06-08,216.00,210.95,217.00,210.25,67632240
2018-06-07,218.94,216.41,219.45,216.41,32485100
2018-06-06,216.00,217.90,218.19,214.65,35857890
2018-06-05,220.00,215.56,220.79,214.51,51368930
2018-06-04,221.13,220.00,222.67,218.57,32257600
2018-06-01,221.50,220.00,222.77,220.00,35532280
2018-05-31,221.98,222.36,224.35,220.00,67415130
2018-05-30,219.30,221.01,221.55,217.88,48627080
2018-05-29,220.50,219.00,222.13,217.10,35940770
2018-05-28,219.47,220.90,221.50,219.20,23187310
2018-05-25,222.51,220.00,223.48,219.00,50137890
2018-05-24,221.91,222.01,223.70,221.12,37214260
2018-05-23,223.11,221.00,224.07,221.00,48854670
2018-05-22,227.27,225.60,227.27,222.95,43268345
2018-05-21,223.79,226.21,226.80,223.55,38991095
2018-05-18,225.70,222.20,228.16,222.20,60330130
2018-05-17,230.01,226.05,231.25,226.05,43455711
2018-05-16,230.88,229.80,232.00,226.70,70162480
2018-05-15,237.50,231.39,237.50,230.40,53009574
2018-05-14,236.21,237.80,237.80,234.03,34774710
2018-05-11,234.35,235.72,237.95,233.74,55080740
2018-05-10,228.50,233.70,234.14,228.37,72199060
2018-05-08,227.79,226.70,228.48,224.50,55972540
2018-05-07,230.17,229.86,232.18,229.06,37271925
2018-05-04,229.58,228.55,230.94,225.70,48163190
2018-05-03,228.40,228.03,232.74,227.50,79625270
2018-05-02,224.22,229.02,230.00,224.02,40017845
2018-04-30,224.50,226.99,228.20,221.58,39358911
2018-04-28,224.40,224.80,224.99,222.40,10314470
2018-04-27,221.36,223.91,224.43,217.62,81940050
2018-04-26,221.57,220.70,222.59,216.00,73277625
2018-04-25,220.15,220.45,223.78,218.20,69676390
2018-04-24,225.90,223.00,228.43,221.30,83961645
2018-04-23,216.48,223.25,223.50,213.22,116947860
2018-04-20,214.00,215.36,216.27,212.13,57871810
2018-04-19,217.34,213.45,222.22,212.00,133534290
2018-04-18,209.00,215.87,219.93,208.25,174039510
2018-04-17,203.02,207.50,207.87,200.00,169904645
2018-04-16,199.36,192.06,208.00,191.50,199706860
2018-04-13,213.37,204.70,216.70,203.14,106927010
2018-04-12,214.55,212.21,218.39,208.50,126954925
2018-04-11,214.00,208.00,223.60,204.24,185664760
2018-04-10,211.24,214.80,224.47,197.00,253346877
2018-04-09,255.05,213.00,255.30,205.00,250019090
2018-04-06,260.64,256.76,262.32,256.01,40256091
2018-04-05,257.25,262.00,262.89,255.92,52779270
2018-04-04,252.21,255.69,255.77,249.09,52051870
2018-04-03,250.01,251.60,251.93,245.38,63806711
2018-04-02,253.58,249.99,258.34,249.99,35438280
2018-03-30,254.00,253.57,254.49,252.80,10912160
2018-03-29,252.12,252.90,255.60,252.12,33625620
2018-03-28,255.50,251.50,256.12,250.75,43754270
2018-03-27,256.99,258.00,258.43,252.27,45163390
2018-03-26,262.00,255.00,264.87,255.00,56903720
2018-03-23,259.02,262.00,264.25,259.02,46285065
2018-03-22,269.97,265.50,271.80,264.10,55552150
2018-03-21,258.00,268.88,270.00,257.23,69909935
2018-03-20,255.98,257.15,257.34,250.40,62966810
2018-03-19,257.80,255.00,259.81,250.01,42502108
2018-03-16,255.29,256.15,257.98,249.76,91870966
2018-03-15,263.00,254.51,264.61,253.29,78054400
2018-03-14,273.00,262.50,273.40,262.11,61779860
2018-03-13,274.00,273.95,275.93,272.66,34644686
2018-03-12,276.05,274.30,277.30,273.55,23710461
2018-03-09,274.55,274.60,275.48,270.61,26351861
2018-03-07,272.99,274.00,276.72,270.15,49998920
2018-03-06,278.50,274.03,281.50,274.03,40607160
2018-03-05,273.70,277.00,278.84,273.50,34109000
2018-03-02,274.40,273.00,275.50,268.56,46027890
2018-03-01,270.98,275.00,277.00,270.90,38980360
2018-02-28,276.00,272.40,277.41,272.00,53012970
2018-02-27,280.82,278.21,280.99,276.61,40007060
2018-02-26,279.00,279.97,285.00,278.59,67733261
2018-02-22,277.99,277.49,279.50,275.52,50751754
2018-02-21,266.05,279.20,279.20,266.05,70374570
2018-02-20,266.85,267.22,267.80,264.72,24750891
2018-02-19,267.00,266.85,270.00,265.30,24171390
2018-02-16,265.97,266.99,267.97,263.11,51931218
2018-02-15,267.53,264.58,268.77,264.00,60907490
2018-02-14,259.07,262.03,263.37,257.26,60442410
2018-02-13,255.87,258.30,258.62,254.70,43733365
2018-02-12,253.00,255.05,256.36,251.67,41818172
2018-02-09,249.03,253.19,249.03,249.03,375550
2018-02-08,256.40,253.19,259.76,253.19,37198410
2018-02-07,263.90,257.58,264.37,256.26,53641051
2018-02-06,250.00,258.94,262.55,248.10,85982210
2018-02-05,254.85,255.64,258.29,252.60,45927950
2018-02-02,263.69,257.32,264.83,256.20,64657192
2018-02-01,265.00,263.20,270.30,260.60,73041440
2018-01-31,257.50,264.50,264.79,255.70,63707935
2018-01-30,248.53,257.80,258.96,247.91,65622246
2018-01-29,247.50,250.48,250.79,246.00,49186400
2018-01-26,249.30,247.00,251.23,245.93,35231937
2018-01-25,247.90,250.64,251.65,247.58,54995215
2018-01-24,244.20,247.53,247.53,242.32,31180195
2018-01-23,244.77,244.40,246.25,241.67,43978211
2018-01-22,242.97,243.99,244.89,241.41,25100470
2018-01-19,245.15,242.45,245.98,240.68,38996991
2018-01-18,240.50,245.50,246.69,240.00,64156655
2018-01-17,238.62,239.82,239.82,236.53,30522075
2018-01-16,239.01,239.64,240.00,236.01,25475420
2018-01-15,239.00,238.85,240.97,238.00,25681721
2018-01-12,238.92,237.75,239.00,236.05,30895875
2018-01-11,237.76,239.00,240.88,235.21,43067680
2018-01-10,240.40,237.76,241.25,237.06,39371730
2018-01-09,239.03,240.40,243.76,239.01,53172630
2018-01-05,238.89,238.60,239.95,236.70,31579385
2018-01-04,232.13,238.80,239.50,231.00,53598530
2018-01-03,226.88,231.90,232.70,226.35,34549624
2017-12-29,224.12,225.20,226.20,223.27,18919860
2017-12-28,226.90,224.20,227.17,223.00,24078990
2017-12-27,224.01,226.98,227.20,223.10,30101245
2017-12-26,223.90,223.57,223.98,221.00,12303740
2017-12-25,222.22,223.30,223.90,221.65,11183211
2017-12-22,223.68,221.44,224.64,221.12,21524345
2017-12-21,226.46,223.60,227.39,222.35,34750261
2017-12-20,224.28,226.00,226.68,222.70,34199580
2017-12-19,227.99,224.10,228.50,223.50,34992830
2017-12-18,227.49,227.40,228.90,225.70,24519576
2017-12-15,228.90,226.53,229.79,225.57,42529200
2017-12-14,222.11,229.90,229.90,221.10,55633890
2017-12-13,227.30,221.80,228.33,220.54,61576220
2017-12-12,229.00,227.90,230.50,226.11,39739840
2017-12-11,221.40,227.69,227.69,221.10,34539660
2017-12-08,219.90,220.89,223.00,219.61,28324950
2017-12-07,223.83,219.81,224.79,219.23,38228885
2017-12-06,222.65,223.75,224.90,221.57,23136580
2017-12-05,224.00,223.91,224.55,222.00,27885630
2017-12-04,222.00,224.60,226.00,219.55,45155240
2017-12-01,224.50,221.50,225.76,220.76,39983910
2017-11-30,228.00,224.35,228.92,222.35,46122875
2017-11-29,230.10,228.20,231.50,226.70,34340960
2017-11-28,221.00,230.00,230.00,221.00,40901400
2017-11-27,228.40,226.76,229.04,225.00,24026280
2017-11-24,225.40,228.00,228.00,222.15,44277256
2017-11-23,230.26,225.56,230.99,225.06,41140441
2017-11-22,231.89,230.25,233.95,228.38,45932211
2017-11-21,225.50,231.00,232.99,224.07,77573460
2017-11-20,225.70,224.60,225.97,223.16,18853280
2017-11-17,227.90,225.65,228.00,224.10,37958800
2017-11-16,227.79,227.50,228.58,219.09,85863610
2017-11-15,222.50,225.95,227.75,221.54,72221717
2017-11-14,216.50,221.40,222.20,215.96,45905390
2017-11-13,217.70,216.61,223.99,215.78,50943980
2017-11-10,221.00,217.70,229.40,216.61,143573000
2017-11-09,209.51,220.05,221.50,209.12,116668980
2017-11-08,205.95,209.09,211.77,204.06,88294795
2017-11-07,196.50,205.96,206.70,195.56,135176600
2017-11-03,194.77,193.80,195.75,193.20,30616870
2017-11-02,193.78,193.85,195.12,192.38,33747055
2017-11-01,194.49,194.05,197.05,193.33,40292910
2017-10-31,194.81,193.80,196.36,193.80,25643940
2017-10-30,196.32,195.00,197.70,195.00,31938210
2017-10-27,193.53,196.05,196.18,192.87,46796610
2017-10-26,192.65,192.75,193.50,190.72,25634660
2017-10-25,193.00,192.04,194.37,192.04,32303520
2017-10-24,191.64,192.50,192.92,190.13,28265140
2017-10-23,193.41,192.34,193.64,190.82,26949930
2017-10-20,193.60,192.97,194.14,192.23,29002930
2017-10-19,195.26,192.20,195.69,191.81,40359727
2017-10-18,197.50,195.31,197.89,194.01,43547050
2017-10-17,197.30,197.20,198.00,196.07,26239765
2017-10-16,197.53,197.70,198.52,196.70,26979475
2017-10-13,195.62,196.48,197.29,195.20,30338962
2017-10-12,195.85,195.51,196.75,194.95,34969750
2017-10-11,193.95,195.83,196.75,193.56,58002027
2017-10-10,194.30,193.21,194.45,192.95,17832400
2017-10-09,194.20,194.00,194.90,192.58,27756710
2017-10-06,194.30,194.16,196.42,193.67,52399742
2017-10-05,192.00,193.74,193.93,189.06,49466550
2017-10-04,192.49,192.03,192.59,191.22,26536581
2017-10-03,193.28,192.50,193.87,192.13,28657990
2017-10-02,192.76,193.00,194.10,191.10,35954811
2017-09-29,192.00,192.33,192.94,190.80,26325574
2017-09-28,193.68,191.96,194.30,191.53,39113081
2017-09-27,192.94,193.70,194.29,191.20,55030942
2017-09-26,191.56,192.54,195.00,191.54,82080305
2017-09-25,187.37,191.20,191.38,186.37,64177071
2017-09-22,187.35,187.55,188.77,186.77,37307814
2017-09-21,186.40,187.38,188.37,183.80,41621355
2017-09-20,184.50,186.47,186.47,182.65,50035550
2017-09-19,187.68,184.85,187.72,184.55,41401289
2017-09-18,189.56,188.04,190.37,187.31,29580441
2017-09-15,188.73,188.75,189.30,186.72,44784390
2017-09-14,189.00,188.64,189.39,186.00,38052225
2017-09-13,189.32,189.10,190.95,188.40,47811940
2017-09-12,191.03,189.32,192.31,188.14,50535750
2017-09-11,186.70,190.50,191.30,186.51,61682296
2017-09-08,184.10,185.89,187.43,183.77,60690504
2017-09-07,183.47,184.00,185.25,183.32,45668560
2017-09-06,183.25,183.12,183.73,181.47,33518700
2017-09-05,184.39,184.14,185.59,183.33,34342180
2017-09-04,181.51,184.10,185.27,180.93,25717519
2017-09-01,183.85,183.66,185.33,182.02,34360115
2017-08-31,182.99,183.51,186.33,181.71,64267180
2017-08-30,182.50,183.50,184.48,180.85,48549170
2017-08-29,182.00,181.89,182.00,179.51,46130830
2017-08-28,180.60,181.85,181.85,179.20,27960960
2017-08-25,180.85,180.51,182.25,179.60,68786625
2017-08-24,175.50,179.80,179.94,175.30,78591505
2017-08-23,171.00,175.30,175.30,170.98,55467240
2017-08-22,171.20,171.00,171.70,169.70,37858790
2017-08-21,169.77,169.90,170.69,168.50,36731731
2017-08-18,171.71,169.50,171.71,168.13,52379130
2017-08-17,172.50,172.72,173.99,172.27,26052710
2017-08-16,172.95,173.05,175.30,172.83,41837702
2017-08-15,172.31,172.33,172.72,170.46,30385090
2017-08-14,173.00,172.51,173.77,171.37,30902101
2017-08-11,171.26,172.05,172.49,168.64,60812400
2017-08-10,173.75,172.20,174.16,172.01,30020500
2017-08-09,174.80,173.40,175.20,172.80,49021530
2017-08-08,173.00,175.75,175.88,172.66,50531372
2017-08-07,170.47,172.79,172.95,170.38,35534035
2017-08-04,169.49,169.73,170.00,168.60,27204000
2017-08-03,170.00,170.00,170.98,169.17,56318763
2017-08-02,166.60,169.90,169.94,166.54,55341012
2017-08-01,165.50,166.31,168.00,165.30,55355187
2017-07-31,165.53,164.53,167.35,163.88,55781552
2017-07-28,165.37,165.40,165.75,163.15,50132680
2017-07-27,162.41,166.00,166.00,162.40,55346876
2017-07-26,160.71,161.55,162.31,160.12,42613230
2017-07-25,161.66,160.22,162.30,159.92,43219118
2017-07-24,161.21,161.33,162.33,158.60,57495791
2017-07-21,163.99,162.10,163.99,161.72,35023110
2017-07-20,164.06,163.93,164.91,163.47,41944463
2017-07-19,161.30,164.34,164.34,160.53,56474420
2017-07-18,162.00,161.70,162.99,160.88,36470790
2017-07-17,161.80,161.98,163.10,159.82,40218964
2017-07-14,159.90,161.40,162.26,159.43,43599593
2017-07-13,161.46,159.94,162.62,158.34,71818770
2017-07-12,157.53,160.85,160.99,157.50,70426950
2017-07-11,155.55,156.91,157.00,154.95,57224687
2017-07-10,153.07,155.00,155.34,152.95,63627126
2017-07-07,149.65,152.16,152.50,149.06,57150370
2017-07-06,149.20,150.35,151.03,148.90,51568320
2017-07-05,149.39,148.96,149.79,147.89,48191260
2017-07-04,147.50,149.39,149.80,147.11,40165050
2017-07-03,146.65,147.50,148.30,146.22,38410910
2017-06-30,143.20,145.59,146.73,142.88,67210530
2017-06-29,146.51,143.80,146.83,143.20,48806780
2017-06-28,146.20,145.50,146.45,144.71,45975195
2017-06-27,144.05,147.10,147.20,143.40,51070900
2017-06-26,144.85,144.49,146.49,143.81,46189984
2017-06-23,144.40,144.10,146.00,143.62,42334000
2017-06-22,142.39,144.25,145.69,141.78,54360771
2017-06-21,144.16,143.49,144.99,142.77,48036301
2017-06-20,145.20,144.90,147.10,143.50,58990955
2017-06-19,142.50,145.00,145.15,141.80,55251985
2017-06-16,139.65,141.63,142.80,139.02,79690201
2017-06-15,141.94,139.00,142.21,136.20,183326250
2017-06-14,145.65,143.00,145.65,142.81,58227730
2017-06-13,145.35,146.00,147.30,145.00,53391917
2017-06-09,151.41,150.13,153.75,150.12,45313560
2017-06-08,153.16,151.93,153.43,148.25,67991952
2017-06-07,153.30,152.82,155.11,151.75,43663690
2017-06-06,154.49,152.80,156.00,152.11,34673925
2017-06-05,157.10,154.70,158.89,154.43,48595070
2017-06-02,153.00,157.14,157.14,151.62,65420920
2017-06-01,156.40,153.00,156.76,152.72,50591935
2017-05-31,161.60,155.93,161.60,155.03,74365820
2017-05-30,163.15,161.64,163.45,161.17,22672890
2017-05-29,161.00,163.90,164.22,160.69,28764933
2017-05-26,163.80,160.70,163.80,160.62,46063128
2017-05-25,166.50,164.05,166.95,163.53,34373452
2017-05-24,166.80,165.70,168.48,162.51,46892442
2017-05-23,167.87,166.31,168.30,165.40,39501154
2017-05-22,170.50,168.03,170.50,167.14,29679220
2017-05-19,167.48,168.87,170.08,165.71,36552331
2017-05-18,168.41,166.50,169.17,164.70,57482420
2017-05-17,169.80,169.24,170.63,168.17,35218265
2017-05-16,170.97,170.66,172.00,169.98,37206070
2017-05-15,168.50,171.35,171.68,167.89,47099900
2017-05-12,169.75,167.70,170.43,166.85,37355690
2017-05-11,171.00,169.97,172.39,168.84,56593680
2017-05-10,167.00,170.80,170.80,166.41,46474517
2017-05-05,164.22,165.80,166.60,164.00,35495640
2017-05-04,164.62,165.50,167.40,163.78,37623081
2017-05-03,166.30,164.71,166.50,163.63,33570362
2017-05-02,166.00,166.64,168.34,165.01,42498185
2017-04-28,165.50,165.20,166.00,163.91,40999810
2017-04-27,164.99,164.69,165.79,163.27,43712421
2017-04-26,163.08,165.05,165.80,161.70,49261630
2017-04-25,163.00,162.55,163.53,161.31,40534610
2017-04-24,161.09,162.50,163.43,161.00,48021400
2017-04-21,158.74,159.59,160.30,157.80,57187320
2017-04-20,153.00,158.21,158.40,152.26,64127431
2017-04-19,153.18,153.60,155.38,152.36,38965390
2017-04-18,154.44,153.40,155.59,152.15,60882607
2017-04-17,149.44,153.99,154.20,147.62,48418110
2017-04-14,150.42,149.24,152.25,148.60,25092430
2017-04-13,151.57,152.00,153.35,149.70,70013641
2017-04-12,157.00,150.28,157.44,150.28,53279801
2017-04-11,155.20,156.00,158.59,154.61,53342102
2017-04-10,159.26,155.20,159.86,154.51,73718431
2017-04-07,166.12,161.49,166.84,160.71,59739011
2017-04-06,167.54,167.49,168.19,166.41,24424520
2017-04-05,164.33,168.10,168.45,163.82,57753880
2017-04-04,161.37,163.50,163.95,160.70,23333240
2017-04-03,160.77,161.80,162.94,159.84,32726450
2017-03-31,163.40,159.80,163.70,159.51,31639980
2017-03-30,163.32,163.50,164.10,161.90,24411750
2017-03-29,164.00,163.22,164.90,162.37,26161370
2017-03-28,163.50,163.66,164.10,162.05,30489220
2017-03-27,163.03,162.69,163.37,161.10,35418714
2017-03-24,164.00,164.52,165.90,163.07,33041262
2017-03-23,163.50,164.15,164.84,162.10,38722221
2017-03-22,162.01,162.92,162.92,159.75,40877370
2017-03-21,164.50,162.98,165.49,162.25,39831930
2017-03-20,161.57,163.80,164.05,160.61,41497340
2017-03-17,158.55,161.15,162.85,158.17,65470090
2017-03-16,157.82,158.35,159.85,157.82,68322522
2017-03-15,158.05,156.20,159.67,156.06,48858401
2017-03-14,159.50,157.42,160.75,157.02,59200295
2017-03-13,157.49,158.92,159.87,155.86,34087371
2017-03-10,157.32,157.50,159.40,155.55,51297761
2017-03-09,159.22,156.20,160.84,155.23,63698320
2017-03-07,162.41,160.98,162.41,158.90,44867012
2017-03-06,164.50,162.00,165.99,162.00,36845090
2017-03-03,162.95,164.40,164.89,161.61,38243210
2017-03-02,161.39,163.40,164.30,160.33,65453580
2017-03-01,155.65,160.00,160.92,155.65,62259015
2017-02-28,161.05,156.00,161.19,155.70,67919290
2017-02-27,166.01,160.95,166.34,160.62,41947389
2017-02-24,166.53,165.51,168.02,165.03,29704825
2017-02-22,167.50,165.90,168.30,164.35,40663164
2017-02-21,165.11,167.00,168.38,164.80,39649889
2017-02-20,166.40,165.44,166.69,163.93,26986371
2017-02-17,166.48,165.49,167.12,164.42,32616910
2017-02-16,164.40,166.49,166.50,162.21,44328983
2017-02-15,162.27,163.50,165.57,160.00,68809530
2017-02-14,164.99,162.70,165.14,162.01,54466800
2017-02-13,166.05,164.70,167.05,163.50,53028392
2017-02-10,169.05,165.50,170.45,165.40,59337102
2017-02-09,171.91,168.80,172.67,167.84,48732000
2017-02-08,173.20,171.20,173.20,170.77,33314367
2017-02-07,173.00,173.47,174.18,171.51,33506030
2017-02-06,174.71,172.87,174.98,172.22,33944743
2017-02-03,173.03,173.80,174.19,172.27,34745010
2017-02-02,173.94,172.83,174.69,171.95,31064930
2017-02-01,172.59,173.90,174.27,171.75,42253259
2017-01-31,174.37,172.20,175.27,172.07,46486780
2017-01-30,177.50,174.60,178.00,174.24,45935720
2017-01-27,173.89,178.92,178.92,173.00,71123150
2017-01-26,170.85,173.79,174.39,169.06,56105000
2017-01-25,170.50,170.26,171.30,169.50,42544580
2017-01-24,167.37,170.25,170.70,167.24,45397960
2017-01-23,167.33,166.75,167.33,164.53,36457570
2017-01-20,166.55,167.49,168.19,165.42,32581560
2017-01-19,165.46,166.30,166.99,164.69,38479340
2017-01-18,165.90,165.24,167.80,164.31,42479950
2017-01-17,164.67,165.98,166.47,163.34,45968312
2017-01-16,165.22,164.66,166.80,164.06,37577470
2017-01-13,168.79,164.90,172.39,163.88,85990670
2017-01-12,170.00,168.27,170.65,168.02,49855540
2017-01-11,171.50,169.05,173.05,168.54,52772840
2017-01-10,168.35,171.60,172.30,167.54,58874130
2017-01-09,171.37,168.35,172.39,168.05,35187382
2017-01-06,172.40,170.69,173.75,169.50,35415591
2017-01-05,176.31,171.90,177.28,171.54,35093060
2017-01-04,178.90,175.95,179.41,174.23,41400772
2017-01-03,173.40,180.12,181.68,173.00,53895668
2016-12-30,171.70,173.25,173.25,170.56,35427288
2016-12-29,170.05,171.30,172.22,167.55,49661210
2016-12-28,173.00,170.10,173.63,170.10,37022030
2016-12-27,172.00,172.27,172.70,170.50,19784041
2016-12-26,171.30,171.97,173.20,171.15,21221700
2016-12-23,169.80,171.15,171.76,168.55,37355983
2016-12-22,174.49,170.00,175.35,170.00,67004212
2016-12-21,176.68,174.71,185.34,174.65,92678680
2016-12-20,174.17,175.90,176.86,173.03,31568321
2016-12-19,174.76,174.30,175.55,173.20,34213020
2016-12-16,175.61,173.90,177.04,173.50,50133350
2016-12-15,171.50,174.92,175.39,171.35,75039221
2016-12-14,177.00,173.70,177.87,172.37,53848710
2016-12-13,175.00,176.90,177.48,172.06,64580091
2016-12-12,172.00,175.40,178.93,171.35,114401960
2016-12-09,169.65,169.66,170.87,167.60,74497920
2016-12-08,160.70,168.98,168.98,160.67,98187850
2016-12-07,159.82,159.95,161.00,158.58,46918940
2016-12-06,161.99,159.35,162.94,159.35,47160440
2016-12-05,158.76,162.02,163.23,158.43,56633440
2016-12-02,158.45,159.40,159.94,157.10,52755790
2016-12-01,159.99,158.70,160.00,157.75,44384190
2016-11-30,158.30,158.70,160.13,157.71,62385980
2016-11-29,158.98,158.07,160.70,157.60,49350615
2016-11-28,160.01,159.40,161.12,158.43,33551380
2016-11-25,161.00,160.36,163.42,158.94,69148720
2016-11-24,155.38,161.15,161.20,155.30,68798523
2016-11-23,155.44,155.23,155.44,154.55,36365080
2016-11-22,153.85,155.00,155.68,153.64,68572050
2016-11-21,150.90,153.00,153.25,150.90,40030400
2016-11-18,149.99,150.05,150.84,149.64,27291320
2016-11-17,149.93,149.75,150.95,148.95,37684670
2016-11-16,150.90,149.94,151.88,149.18,35759620
2016-11-15,151.00,149.85,152.37,148.75,50518750
2016-11-14,152.50,150.40,152.85,149.17,47655170
2016-11-11,153.00,151.51,153.68,151.44,69515020
2016-11-10,151.88,153.36,155.57,151.84,100426421
2016-11-09,143.00,151.04,151.35,142.50,102394660
2016-11-08,144.25,146.11,146.33,143.68,37347740
2016-11-07,143.80,143.40,144.88,142.55,32443575
2016-11-03,142.80,142.75,143.66,141.60,40341340
2016-11-02,144.51,142.36,145.64,142.30,60228870
2016-11-01,147.90,145.85,148.98,145.71,44170010
2016-10-31,148.99,147.40,148.99,147.40,27721920
2016-10-28,149.40,149.20,150.08,148.32,22418131
2016-10-27,150.57,149.30,151.62,149.30,28739203
2016-10-26,151.23,150.67,151.70,149.75,35952880
2016-10-25,149.74,151.57,152.23,149.22,36161049
2016-10-24,149.21,149.15,150.45,148.94,37453910
2016-10-21,148.01,148.42,148.84,147.48,23329815
2016-10-20,148.80,148.26,149.00,147.29,34266571
2016-10-19,148.39,148.60,149.20,148.07,31874450
2016-10-18,147.48,147.74,148.44,147.02,32955010
2016-10-17,146.50,146.46,147.13,145.54,42618240
2016-10-14,146.65,146.73,147.96,146.16,37124120
2016-10-13,148.64,146.09,148.65,145.76,52838362
2016-10-12,151.20,149.20,151.59,148.81,35366325
2016-10-11,150.89,151.30,152.44,150.51,46388449
2016-10-10,149.33,151.27,151.30,148.36,37509660
2016-10-07,149.60,148.74,150.50,147.89,49440205
2016-10-06,148.34,148.90,149.69,147.55,32716690
2016-10-05,148.14,147.95,148.40,146.30,37993810
2016-10-04,149.10,148.10,149.12,146.21,46486550
2016-10-03,146.00,148.87,148.87,145.75,47993881
2016-09-30,147.00,145.34,147.00,144.60,58039520
2016-09-29,150.20,148.47,150.88,148.05,56728010
2016-09-28,148.12,147.18,149.34,146.71,40322000
2016-09-27,149.55,147.53,149.69,147.28,40476552
2016-09-26,149.90,149.10,152.45,148.70,52078770
2016-09-23,153.73,151.50,153.76,150.13,51201870
2016-09-22,152.54,154.18,154.50,151.62,66192587
2016-09-21,149.85,150.67,151.54,149.72,43825610
2016-09-20,148.12,149.30,149.40,147.04,35197710
2016-09-19,148.80,148.66,149.91,148.07,38986470
2016-09-16,149.30,147.00,149.68,147.00,49929080
2016-09-15,150.51,149.14,150.78,148.06,45152290
2016-09-14,149.85,150.86,151.55,149.35,38730080
2016-09-13,151.50,149.80,152.10,149.25,36177590
2016-09-12,149.73,151.43,151.69,148.65,56124240
2016-09-09,152.71,151.60,152.84,151.22,33786550
2016-09-08,155.23,153.45,156.25,152.67,64752830
2016-09-07,150.95,154.33,155.03,150.92,95300490
2016-09-06,149.80,150.64,150.81,149.06,60199935
2016-09-05,147.50,149.50,149.60,147.09,59600300
2016-09-02,144.45,146.88,147.09,143.82,53845560
2016-09-01,143.96,144.25,144.78,143.60,41963102
2016-08-31,143.20,143.50,144.05,142.55,45305830
2016-08-30,143.58,143.18,145.30,143.18,50500270
2016-08-29,144.47,143.55,144.47,142.51,45656960
2016-08-26,143.20,145.25,145.60,143.20,75195700
2016-08-25,139.99,142.84,142.90,139.67,76078810
2016-08-24,139.70,139.50,140.50,138.52,46466330
2016-08-23,137.00,140.35,140.48,136.90,59224560
2016-08-22,135.15,137.37,137.47,134.60,47528400
2016-08-19,137.70,135.80,137.70,135.52,42601100
2016-08-18,138.72,137.00,140.14,136.20,62192117
2016-08-17,138.20,138.44,138.80,137.17,42754590
2016-08-16,139.50,138.10,141.08,138.03,64976850
2016-08-15,140.25,139.50,140.49,138.86,40246250
2016-08-12,140.20,139.45,141.39,139.10,44408570
2016-08-11,138.16,139.70,139.74,137.68,38387973
2016-08-10,139.20,138.30,139.80,138.14,36208220
2016-08-09,139.21,139.20,140.25,137.85,52334380
2016-08-08,139.01,139.45,140.10,138.00,43544440
2016-08-05,137.48,138.69,138.89,137.31,44500460
2016-08-04,136.47,137.14,137.60,136.02,41613130
2016-08-03,134.73,135.73,136.20,134.27,46790060
2016-08-02,138.45,135.06,138.60,135.00,57230140
2016-08-01,140.00,138.52,141.21,137.59,47153870
2016-07-29,136.57,139.15,139.81,135.93,59193890
2016-07-28,137.00,136.85,137.34,134.82,56411550
2016-07-27,136.10,136.90,137.60,135.20,62463270
2016-07-26,136.20,135.75,136.70,133.33,65112170
2016-07-25,138.20,136.00,138.66,135.50,47091610
2016-07-22,137.86,137.80,138.87,137.57,33621139
2016-07-21,139.30,138.50,139.85,137.80,32417720
2016-07-20,139.55,138.57,140.00,137.41,63451000
2016-07-19,139.75,139.47,141.10,138.42,53219980
2016-07-18,138.43,139.93,139.93,137.90,46932760
2016-07-15,139.39,138.12,139.74,137.25,53551790
2016-07-14,140.00,140.00,140.65,137.57,61352910
2016-07-13,140.29,139.40,141.35,137.88,85670010
2016-07-12,137.55,140.40,140.47,136.90,63799710
2016-07-11,134.92,137.20,137.77,134.52,69836360
2016-07-08,130.63,134.41,134.49,130.35,75763390
2016-07-07,130.49,131.80,133.50,130.02,77524920
2016-07-06,131.51,129.36,132.04,127.85,70460970
2016-07-05,133.90,131.85,133.90,131.73,44241160
2016-07-04,134.65,134.60,135.84,133.80,37974790
2016-07-01,133.38,133.85,134.34,131.55,64562290
2016-06-30,133.65,133.00,135.34,131.14,86955520
2016-06-29,130.63,133.88,133.95,129.82,67216180
2016-06-28,127.85,129.57,129.71,125.70,91288180
2016-06-27,133.90,126.20,134.83,125.35,117447730
2016-06-24,131.50,133.40,133.50,129.12,107405790
2016-06-23,134.42,138.00,138.28,133.89,55163860
2016-06-22,134.61,134.81,135.79,133.51,45466013
2016-06-21,132.10,133.39,133.43,129.94,52409310
2016-06-20,132.45,132.13,133.48,131.20,47921580
2016-06-17,128.66,128.70,130.75,128.49,66796670
2016-06-16,129.00,127.10,129.24,125.85,67167630
2016-06-15,126.90,129.89,130.23,126.61,80324940
2016-06-14,131.22,127.08,132.37,126.15,109389570
2016-06-10,137.80,133.50,137.94,133.35,64569430
2016-06-09,139.90,139.61,140.71,137.07,56597300
2016-06-08,141.12,139.39,142.00,137.44,88575489
2016-06-07,134.50,139.97,139.97,134.02,101207331
2016-06-06,132.08,133.99,134.74,132.00,48666040
2016-06-03,133.07,131.59,134.44,131.04,68202630
2016-06-02,131.51,132.30,133.08,130.51,63947300
2016-06-01,132.36,131.36,133.21,131.31,64165110
2016-05-31,134.79,132.56,135.98,132.56,93363020
2016-05-30,133.51,134.45,135.08,132.55,37575080
2016-05-27,131.62,133.20,134.79,131.35,87175150
2016-05-26,128.54,132.16,133.05,126.90,125310740
2016-05-25,124.45,127.87,128.55,124.41,114073670
2016-05-24,121.45,123.50,124.07,121.35,56897510
2016-05-23,121.30,121.51,122.20,120.12,56408970
2016-05-20,121.83,121.90,122.47,120.80,54014280
2016-05-19,121.96,120.50,122.17,120.30,72437040
2016-05-18,122.49,123.12,123.54,121.83,50051460
2016-05-17,122.85,122.71,123.27,120.60,72505100
2016-05-16,122.20,122.60,123.62,121.63,59174910
2016-05-13,121.50,121.07,121.95,119.69,63730840
2016-05-12,123.46,121.20,124.38,121.01,82201850
2016-05-11,120.01,123.45,123.62,119.57,85404520
2016-05-10,119.80,119.55,121.35,118.57,66142640
2016-05-06,120.27,120.64,120.86,118.41,70324510
2016-05-05,121.46,120.92,122.30,120.40,56067230
2016-05-04,121.50,120.96,122.39,119.31,84920280
2016-04-29,124.43,123.55,125.78,122.00,102845100
2016-04-28,121.31,124.39,124.39,120.00,86145270
2016-04-27,120.25,120.80,122.37,119.57,90776270
2016-04-26,119.98,119.70,119.98,116.75,87583045
2016-04-25,121.01,120.08,121.51,119.60,67353690
2016-04-22,119.68,121.25,121.39,117.90,103041828
2016-04-21,124.99,119.17,125.55,118.20,181989880
2016-04-20,120.50,123.75,123.97,119.90,104454360
2016-04-19,118.90,121.50,123.35,118.78,137828350
2016-04-18,117.12,118.20,118.20,116.01,91828010
2016-04-15,118.95,119.30,119.91,118.11,70464930
2016-04-14,119.01,119.30,119.55,117.89,87986340
2016-04-13,118.10,119.50,119.95,117.35,103450650
2016-04-12,117.27,117.95,119.39,115.82,121033820
2016-04-11,113.00,117.35,117.85,112.62,150709430
2016-04-08,108.98,112.92,113.30,108.56,124450440
2016-04-07,108.99,108.51,109.38,107.62,80295520
2016-04-06,107.63,108.00,108.30,107.05,75577530
2016-04-05,107.24,106.87,107.64,106.00,75657580
2016-04-04,108.21,108.20,109.69,107.10,80458570
2016-04-01,109.30,108.52,109.40,107.01,101276220
2016-03-31,108.72,109.90,110.59,107.32,106590120
2016-03-30,107.98,109.15,109.91,107.52,84472720
2016-03-29,107.91,107.05,108.44,105.35,86835580
2016-03-28,110.00,108.12,110.11,107.69,50130419
2016-03-25,108.62,109.10,109.50,108.62,32979670
2016-03-24,108.59,108.06,109.29,107.05,93439810
2016-03-23,111.27,109.10,112.10,108.70,104185740
2016-03-22,112.27,111.49,114.19,111.00,107526080
2016-03-21,111.50,112.07,112.92,110.50,115565250
2016-03-17,107.80,109.47,109.49,107.70,92997390
2016-03-16,107.20,107.00,107.27,106.12,75835060
2016-03-15,109.60,106.46,110.29,106.09,127043830
2016-03-14,109.28,109.26,109.56,108.40,66481000
2016-03-11,109.20,109.26,109.95,108.55,61331210
2016-03-10,108.26,108.84,109.90,107.67,94994800
2016-03-09,108.99,108.15,109.07,107.50,72419980
2016-03-07,109.62,109.47,110.20,108.57,75021080
2016-03-04,107.70,108.99,109.02,106.70,84288020
2016-03-03,106.70,106.99,107.63,105.40,80188360
2016-03-02,109.00,106.12,109.20,106.10,97924280
2016-03-01,107.50,108.26,108.79,106.42,114856490
2016-02-29,105.50,107.00,107.38,104.81,91798290
2016-02-26,105.00,106.24,107.15,104.83,144091540
2016-02-25,102.65,104.05,104.35,101.51,110333690
2016-02-24,102.00,102.10,102.70,100.79,89140580
2016-02-22,102.57,103.20,104.39,102.39,66187510
2016-02-19,101.99,101.50,103.57,101.00,171600390
2016-02-18,99.90,102.70,102.80,99.75,125646250
2016-02-17,96.51,99.20,99.38,96.05,114840150
2016-02-16,95.99,96.51,97.28,95.70,114943000
2016-02-15,96.00,95.25,96.37,94.93,68610990
2016-02-12,95.14,94.85,95.67,94.18,79435870
2016-02-11,95.71,94.20,96.10,93.05,115370090
2016-02-10,93.50,96.35,96.77,93.16,111478160
2016-02-09,94.00,93.89,95.63,92.70,121341460
2016-02-08,97.05,94.70,97.86,93.85,106207300
2016-02-05,97.01,97.20,97.98,96.35,81434160
2016-02-04,98.56,97.57,98.56,96.71,122053010
2016-02-03,93.91,94.53,96.89,93.71,112704620
2016-02-02,95.70,94.40,97.07,93.75,128999060
2016-02-01,96.27,96.50,97.49,95.29,89622070
2016-01-29,97.47,96.50,98.70,95.12,165405380
2016-01-28,95.77,96.69,97.28,94.33,179555940
2016-01-27,91.98,95.75,96.26,91.47,150816500
2016-01-26,89.06,91.50,91.76,88.74,105375580
2016-01-25,92.55,91.00,93.35,90.00,131784760
2016-01-22,88.97,91.50,92.28,87.62,207689990
2016-01-21,84.25,86.00,87.15,83.27,143863130
2016-01-20,84.89,83.83,85.19,82.20,134624680
2016-01-19,87.39,86.68,89.70,85.76,114039260
2016-01-18,86.01,86.15,88.28,85.10,100574240
2016-01-15,92.44,87.27,92.95,86.85,133791200
2016-01-14,91.00,93.04,93.15,90.37,81220992
2016-01-13,92.75,91.50,93.88,91.25,74169700
2016-01-12,89.09,91.71,92.88,88.52,110109050
2016-01-11,93.61,91.03,94.89,91.01,86120290
2016-01-06,98.70,96.85,99.56,96.83,40710930
2016-01-05,97.88,98.89,99.24,97.16,49071570
2016-01-04,101.00,98.01,101.78,97.94,51264550
2015-12-30,101.67,101.26,101.85,100.47,38868080
2015-12-29,100.49,101.82,102.50,99.74,72703690
2015-12-28,101.20,100.20,101.54,99.46,36924620
2015-12-25,101.83,101.34,102.32,100.78,26197790
2015-12-24,103.75,101.35,103.89,100.40,72255900
2015-12-23,100.15,102.96,102.96,100.13,72286800
2015-12-22,99.50,99.80,100.40,99.10,48799790
2015-12-21,98.90,98.73,100.80,97.65,81398290
2015-12-18,103.05,98.81,103.18,98.80,108929250
2015-12-17,102.95,103.75,105.18,102.55,120219301
2015-12-16,100.25,102.45,102.50,100.07,70548170
2015-12-15,98.50,100.00,100.79,98.24,87563530
2015-12-14,97.58,97.70,98.37,96.23,101851290
2015-12-11,99.89,98.15,100.59,97.76,90959100
2015-12-10,100.30,100.13,101.75,99.67,88967510
2015-12-09,97.47,100.66,101.05,97.24,119148390
2015-12-08,102.80,97.00,103.08,96.95,159235470
2015-12-07,103.45,103.00,104.90,102.78,91341440
2015-12-04,103.70,103.05,105.67,102.25,107660660
2015-12-03,101.90,104.00,105.02,101.50,96438740
2015-12-02,101.48,102.50,103.49,101.15,89735480
2015-12-01,103.50,101.30,103.90,100.60,98894750
2015-11-30,103.90,102.90,105.90,102.75,87247790
2015-11-27,105.74,104.55,106.06,103.70,93334840
2015-11-26,108.77,106.48,109.30,105.60,80653490
2015-11-25,106.30,108.51,108.94,105.44,119491800
2015-11-24,109.81,105.60,110.70,105.15,154170880
2015-11-23,106.88,109.98,110.32,105.22,173233750
2015-11-20,104.35,107.30,107.30,103.19,113711020
2015-11-19,104.70,104.86,108.55,102.54,191081370
2015-11-18,102.78,104.00,104.59,101.74,136661570
2015-11-17,96.52,102.50,102.67,96.52,181101510
2015-11-16,93.01,95.80,96.14,93.01,88111720
2015-11-13,93.40,93.40,94.39,92.96,79071320
2015-11-12,93.40,94.29,94.77,92.69,79197840
2015-11-11,94.20,94.00,94.86,92.65,77489920
2015-11-10,92.78,94.35,94.42,92.02,71523380
2015-11-09,94.50,92.95,94.79,92.70,79039400
2015-11-06,95.50,94.09,95.91,93.57,106579170
2015-11-05,96.00,95.50,96.60,94.60,127769250
2015-11-03,93.89,95.40,95.59,93.32,122438730
2015-11-02,90.25,93.65,93.80,89.66,125019670
2015-10-30,88.75,90.53,90.80,88.12,85414040
2015-10-29,89.73,88.60,91.00,88.31,114433270
2015-10-28,89.00,90.05,90.49,87.33,128577920
2015-10-27,91.90,89.00,91.92,88.73,137755700
2015-10-26,90.89,92.30,92.70,89.72,154684320
2015-10-23,87.22,90.45,90.45,86.97,137358890
2015-10-22,86.63,86.53,87.60,86.03,90618250
2015-10-21,87.99,86.95,88.35,86.00,99081310
2015-10-20,86.96,88.14,89.34,86.14,109382370
2015-10-19,88.50,87.07,88.86,85.92,118152120
2015-10-16,88.57,88.52,90.07,88.30,143386100
2015-10-15,86.99,87.70,89.12,86.93,139294580
2015-10-14,84.48,86.81,87.10,84.02,114246530
2015-10-13,84.86,85.00,85.65,84.26,99736900
2015-10-12,85.80,85.45,86.60,83.86,146007620
2015-10-09,83.88,85.77,86.20,83.26,205573820
2015-10-08,79.15,83.11,83.29,78.37,234046020
2015-10-07,78.31,79.65,79.70,76.69,181436920
2015-10-06,76.28,77.31,77.34,75.70,102125210
2015-10-05,74.55,76.20,76.30,74.29,100484850
2015-10-02,74.60,73.80,75.00,72.95,98443470
2015-10-01,76.00,74.51,76.49,74.12,109392990
2015-09-30,75.68,75.30,76.76,75.20,86525120
2015-09-29,74.17,75.50,75.60,73.58,83624660
2015-09-28,74.99,74.57,75.67,74.25,69169380
2015-09-25,73.78,74.97,74.97,73.67,86018340
2015-09-24,73.94,73.33,74.30,72.67,101789760
2015-09-23,74.40,73.74,74.97,73.45,93374560
2015-09-22,76.10,74.39,76.13,73.91,102296950
2015-09-21,75.60,75.94,76.98,75.47,78643830
2015-09-18,76.75,75.50,77.19,75.31,103518130
2015-09-17,77.56,76.49,77.98,76.25,93647050
2015-09-16,75.12,77.71,77.71,75.09,124565490
2015-09-15,74.90,74.85,74.97,74.28,63782210
2015-09-14,73.89,74.88,75.23,73.87,76431280
2015-09-11,74.28,74.10,74.42,73.69,57012070
2015-09-10,74.02,74.30,74.82,73.61,93367053
2015-09-09,75.60,74.65,75.75,74.46,85993260
2015-09-08,74.10,74.90,75.40,74.04,98662390
2015-09-07,73.67,73.81,73.90,73.36,49845340
2015-09-04,73.73,73.96,74.28,73.50,80709310
2015-09-03,73.50,74.15,74.50,73.22,106955860
2015-09-02,72.97,72.90,74.18,72.22,139406370
2015-09-01,74.40,73.14,74.92,72.72,132717170
2015-08-31,74.31,74.50,74.53,73.08,152930380
2015-08-28,74.46,74.82,75.06,72.90,174611890
2015-08-27,71.91,73.80,73.90,71.80,153628490
2015-08-26,70.60,71.00,71.28,69.51,129671460
2015-08-25,68.60,70.79,71.00,68.60,145878970
2015-08-24,68.02,68.53,69.23,66.75,232160270
2015-08-21,71.03,69.86,71.57,69.86,118509720
2015-08-20,71.10,72.05,72.57,70.88,108445080
2015-08-19,72.30,71.50,73.26,71.27,105333980
2015-08-18,72.71,72.45,73.42,72.04,87653250
2015-08-17,74.00,73.00,74.19,72.81,94182540
2015-08-14,73.65,74.43,74.86,73.27,73226070
2015-08-13,73.80,73.70,74.44,73.12,77333790
2015-08-12,72.99,73.40,74.20,72.52,98910440
2015-08-11,75.16,73.20,75.67,73.20,113655080
2015-08-10,74.20,75.16,75.17,73.50,84327190
2015-08-07,72.70,74.20,74.40,72.57,105214340
2015-08-06,73.21,72.25,73.90,72.11,102421110
2015-08-05,72.62,73.49,74.14,72.33,113008940
2015-08-04,70.80,72.30,72.43,70.51,99409330
2015-08-03,71.50,71.10,71.75,70.43,117599820
2015-07-31,71.96,72.30,72.55,70.21,153437500
2015-07-30,71.37,72.20,72.79,70.91,107101630
2015-07-29,69.89,71.20,71.49,69.66,123880080
2015-07-28,68.21,69.55,70.73,67.40,181247650
2015-07-27,70.40,68.48,70.45,67.35,209986640
2015-07-24,72.51,70.45,72.57,70.25,133887760
2015-07-23,74.61,72.70,74.69,72.51,91626820
2015-07-22,75.22,74.60,75.97,74.50,99433200
2015-07-21,73.97,75.55,75.86,73.41,108990256
2015-07-20,75.40,74.10,75.70,73.87,89338110
2015-07-17,74.19,75.52,75.73,73.57,88937350
2015-07-16,74.00,74.21,74.39,73.53,56795770
2015-07-15,73.78,74.00,74.00,72.96,79249180
2015-07-14,72.80,73.90,73.90,72.31,110524300
2015-07-13,70.75,72.94,72.94,70.75,231582290
2015-07-10,69.60,71.06,71.20,69.57,108780680
2015-07-09,68.17,69.35,69.38,67.70,84780130
2015-07-08,68.51,67.73,68.94,66.50,160173700
2015-07-07,68.47,68.77,69.68,68.12,103684770
2015-07-06,69.93,68.45,70.59,68.08,123570110
2015-07-03,70.60,70.67,71.15,69.90,58707532
2015-07-02,71.00,70.54,71.30,70.17,83756690
2015-07-01,72.30,71.00,72.97,70.71,101154440
2015-06-30,70.20,72.35,72.50,70.05,99473820
2015-06-29,69.18,70.20,70.97,69.03,77616070
2015-06-26,71.39,70.60,71.47,70.40,98330570
2015-06-25,71.95,71.42,72.24,71.42,45477110
2015-06-24,72.10,71.98,72.50,71.35,56452820
2015-06-23,72.30,72.01,72.37,71.50,52938560
2015-06-22,72.05,72.00,72.46,71.50,74326940
2015-06-19,73.19,71.56,73.38,71.56,92741580
2015-06-18,73.20,72.98,74.37,72.60,91400010
2015-06-17,73.48,72.81,74.41,72.78,86995650
2015-06-16,71.56,73.50,73.80,70.96,107571400
2015-06-15,72.03,71.80,72.27,70.60,102080440
2015-06-11,71.14,72.55,72.55,70.23,123890170
2015-06-10,70.51,71.51,72.07,70.30,91552570
2015-06-09,69.26,70.21,70.35,68.41,98748730
2015-06-08,70.80,69.17,71.05,69.15,102748480
2015-06-05,71.20,70.61,71.75,70.20,77281110
2015-06-04,71.69,71.25,72.20,70.55,109970350
2015-06-03,74.19,71.72,74.35,71.60,107211510
2015-06-02,72.88,73.92,74.25,72.25,75392090
2015-06-01,73.70,72.65,74.49,72.65,113205280
2015-05-29,73.70,73.50,76.13,73.50,136698370
2015-05-28,74.00,73.60,74.97,73.32,83529650
2015-05-27,74.50,74.23,74.50,72.41,110149140
2015-05-26,74.65,74.67,75.16,73.90,80631210
2015-05-25,74.40,74.46,74.74,72.91,60933420
2015-05-22,73.31,74.35,74.67,73.06,130057270
2015-05-21,71.77,73.25,73.59,71.15,98610820
2015-05-20,73.24,71.60,73.58,71.41,111312700
2015-05-19,75.35,73.35,75.35,73.03,95117880
2015-05-18,75.49,75.36,76.05,75.09,91255640
2015-05-15,74.51,75.05,75.18,73.74,66428900
2015-05-14,75.04,74.31,75.35,73.60,89950110
2015-05-13,75.42,75.24,76.07,74.70,108370700
2015-05-12,75.50,75.19,76.70,74.33,99583780
2015-05-08,76.30,75.50,76.67,75.07,109570490
2015-05-07,78.85,76.50,78.89,75.97,111790370
2015-05-06,80.36,79.20,80.98,78.64,110343180
2015-05-05,77.20,80.21,80.60,76.80,136580620
2015-04-30,75.11,76.90,76.96,74.97,105036540
2015-04-29,75.60,75.20,76.27,74.68,87147120
2015-04-28,74.80,75.70,75.75,73.90,99218180
2015-04-27,76.12,75.20,76.86,74.58,126319130
2015-04-24,75.70,75.75,77.70,74.89,155138110
2015-04-23,74.00,75.80,76.57,72.11,192895230
2015-04-22,75.20,73.90,75.33,72.63,143896300
2015-04-21,73.66,75.24,75.67,73.26,157633660
2015-04-20,72.50,73.50,74.07,71.22,157896000
2015-04-17,76.64,72.50,76.96,72.50,157337590
2015-04-16,76.97,76.50,77.51,74.85,176773010
2015-04-15,74.15,76.49,76.49,73.91,153846180
2015-04-14,74.10,74.05,74.82,72.89,135451730
2015-04-13,71.89,74.10,74.55,71.43,165129570
2015-04-10,72.15,71.50,72.45,70.23,143967740
2015-04-09,69.03,72.00,72.00,68.96,187982850
2015-04-08,69.42,69.40,69.93,68.61,124300110
2015-04-07,68.85,69.60,70.27,68.15,224738420
2015-04-06,65.65,68.99,68.99,65.57,137120690
2015-04-03,65.92,65.50,66.40,65.16,85588420
2015-04-02,64.60,65.92,66.17,64.03,138482010
2015-04-01,62.34,64.50,64.69,62.18,161132260
2015-03-31,63.00,62.88,63.40,61.92,113703370
2015-03-30,60.81,63.01,63.17,60.67,121585170
2015-03-27,63.20,61.00,63.55,60.57,157726010
2015-03-26,65.43,62.85,65.80,62.62,148212490
2015-03-25,65.85,64.80,66.15,64.31,97814600
2015-03-24,65.00,65.60,66.36,63.74,121944620
2015-03-23,67.60,65.00,67.60,64.83,131474510
2015-03-20,64.95,67.00,67.22,64.40,147872150
2015-03-19,66.50,64.90,66.88,64.45,124342050
2015-03-18,64.90,65.26,66.05,64.73,108223320
2015-03-17,66.05,64.65,66.45,63.86,183457200
2015-03-16,67.50,65.57,67.80,65.23,156289080
2015-03-13,71.00,67.87,71.30,67.81,151669320
2015-03-12,71.12,70.79,71.59,70.02,82959400
2015-03-11,69.80,70.68,71.31,68.78,149717760
2015-03-10,72.50,69.80,72.71,69.09,149557550
2015-03-06,73.08,73.25,74.11,72.58,105050160
2015-03-05,72.90,72.70,74.16,71.86,175857900
2015-03-04,75.35,72.31,75.72,72.31,117798050
2015-03-03,76.03,75.55,76.98,74.84,129705180
2015-03-02,76.38,76.20,77.45,76.10,110696420
2015-02-27,75.80,75.91,76.75,75.26,129979040
2015-02-26,75.00,75.95,76.60,74.60,143958950
2015-02-25,73.80,74.20,74.60,72.90,122723583
2015-02-24,72.00,73.70,73.87,71.76,117265120
2015-02-20,74.44,74.75,75.45,73.52,177829380
2015-02-19,76.00,73.78,76.56,72.80,238749450
2015-02-18,73.38,76.40,76.84,72.83,237863380
2015-02-17,70.25,72.45,73.96,69.72,243539660
2015-02-16,70.77,70.00,71.90,69.67,131054210
2015-02-13,68.00,70.60,70.75,68.00,375773430
2015-02-12,66.08,67.21,69.47,64.55,403090230
2015-02-11,66.11,65.12,66.46,65.08,142445360
2015-02-10,65.48,65.00,66.43,64.47,121431950
2015-02-09,64.31,65.57,67.40,63.85,224135470
2015-02-06,62.80,64.31,64.88,62.45,180698040
2015-02-05,60.60,62.41,62.48,59.90,173331680
2015-02-04,62.50,61.04,62.69,60.87,83495280
2015-02-03,62.00,62.00,62.85,60.83,140880980
2015-02-02,62.00,61.40,62.57,60.03,195554010
2015-01-30,61.25,61.50,61.50,59.67,194980610
2015-01-29,60.40,60.50,62.00,59.60,150527510
2015-01-28,61.81,60.63,62.58,60.31,139315670
2015-01-27,58.20,61.20,61.44,57.20,188572120
2015-01-26,63.79,60.49,63.88,60.17,154035210
2015-01-23,64.99,64.45,66.72,63.90,163440260
2015-01-22,63.06,64.35,64.88,62.42,173344710
2015-01-21,61.08,62.80,63.20,60.95,106804766
2015-01-20,61.82,60.80,62.25,60.27,120109490
2015-01-19,61.59,61.80,63.67,61.55,124918310
2015-01-16,61.80,61.99,62.43,60.41,143117080
2015-01-15,61.19,61.80,62.68,60.71,180005110
2015-01-14,59.60,60.05,61.20,59.60,134066670
2015-01-13,62.31,60.31,62.98,59.25,190655450
2015-01-12,62.20,62.90,63.84,61.66,99437131
2015-01-09,65.70,63.10,66.88,62.25,107559890
2015-01-08,59.00,65.70,67.77,58.61,187598890
2015-01-06,56.00,58.28,58.45,55.83,70269700
2015-01-05,54.02,56.37,56.77,53.58,63231040
2014-12-30,53.04,54.90,55.65,51.60,120437152
2014-12-29,57.01,54.51,58.29,53.70,113669200
2014-12-26,59.00,57.13,60.00,56.05,134648848
2014-12-25,54.98,58.70,58.85,54.71,116646608
2014-12-24,53.58,55.00,55.45,51.51,166419664
2014-12-23,59.05,54.00,59.53,52.86,230869264
2014-12-22,63.27,58.60,64.20,57.82,228645568
2014-12-19,61.26,61.44,63.08,59.50,171795280
2014-12-18,61.50,62.91,65.80,60.25,317744128
2014-12-17,54.03,59.90,60.88,52.38,446526592
2014-12-16,59.50,53.50,61.95,47.21,470750496
2014-12-15,64.00,60.63,65.74,59.92,223458544
2014-12-12,65.40,64.20,66.20,63.07,157344224
2014-12-11,67.85,65.95,68.40,65.25,182009632
2014-12-10,66.62,67.77,68.70,65.78,180002304
2014-12-09,64.77,66.26,66.90,62.61,198020144
2014-12-08,69.17,65.30,69.67,65.23,167156192
2014-12-05,70.92,68.60,71.73,68.40,160171616
2014-12-04,72.25,71.04,74.03,71.00,162018992
2014-12-03,71.89,72.00,72.35,71.42,115782336
2014-12-02,74.06,71.64,74.47,71.31,133472040
2014-12-01,71.90,73.79,74.20,71.51,139383264
2014-11-28,72.89,72.25,72.89,71.42,128193600
2014-11-27,73.70,73.04,74.20,73.04,87730704
2014-11-26,73.77,73.85,74.13,73.26,91757392
2014-11-25,74.48,74.11,74.66,73.76,59713060
2014-11-24,74.88,74.40,75.40,74.01,85542240
2014-11-21,73.99,74.39,74.71,72.95,105852736
2014-11-20,73.90,73.63,74.90,72.93,104580976
2014-11-19,75.29,73.90,75.54,73.87,89158944
2014-11-18,74.42,75.21,75.35,73.45,121080472
2014-11-17,73.61,73.97,74.45,73.47,77982280
2014-11-14,73.80,74.15,74.50,73.10,101827008
2014-11-13,76.31,74.03,76.50,73.73,150544896
2014-11-12,77.35,76.32,77.55,76.13,113847184
2014-11-11,77.85,77.34,78.70,77.01,130820432
2014-11-10,76.36,77.78,77.78,76.12,125639024
2014-11-07,75.16,75.69,77.65,74.41,195085248
2014-11-06,75.76,75.05,76.88,74.75,109722352
2014-11-05,75.80,75.65,75.94,75.02,101085648
2014-11-03,76.07,76.29,76.66,75.61,49892208
2014-10-31,75.45,76.23,76.84,75.23,154675712
2014-10-30,73.70,74.98,75.13,73.43,180995184
2014-10-29,74.10,74.05,74.80,73.68,100125200
2014-10-28,73.18,73.90,74.20,72.73,101388880
2014-10-27,73.20,72.90,73.78,72.25,119696304
2014-10-24,71.35,72.49,72.49,70.93,76065856
2014-10-23,71.47,71.59,72.10,70.85,132619504
2014-10-22,73.00,71.82,73.37,71.80,98536176
2014-10-21,72.00,72.50,73.16,71.30,116676840
2014-10-20,73.40,72.25,73.93,71.75,122048448
2014-10-17,71.80,73.15,73.30,71.38,146039728
2014-10-16,73.20,71.12,74.05,70.95,195738112
2014-10-15,74.31,73.08,74.86,72.81,120577504
2014-10-14,74.15,74.55,75.36,73.86,95473824
2014-10-13,72.80,74.26,75.24,72.65,116922768
2014-10-10,72.64,73.50,73.77,72.06,141617216
2014-10-09,75.05,73.65,75.70,73.52,144528288
2014-10-08,74.85,73.80,75.25,73.76,132003432
2014-10-07,76.33,75.32,76.54,74.96,97153584
2014-10-06,74.36,76.33,76.60,74.25,125594784
2014-10-03,73.73,73.77,74.69,73.12,111663688
2014-10-02,74.05,73.15,74.47,72.57,145211104
2014-10-01,75.20,74.26,76.26,74.26,130262552
2014-09-30,77.08,75.52,77.44,75.52,144552352
2014-09-29,77.98,76.70,78.38,76.53,100645000
2014-09-26,77.56,77.60,78.43,76.85,111612416
2014-09-25,79.60,78.01,80.15,78.00,121092392
2014-09-24,77.93,79.05,79.55,77.87,123499184
2014-09-23,76.32,77.68,77.84,76.20,97635080
2014-09-22,77.20,76.00,77.69,75.89,84589912
2014-09-19,78.30,77.40,78.46,76.62,122982288
2014-09-18,78.62,77.98,79.30,77.71,102250152
2014-09-17,77.50,78.66,78.92,76.55,150425904
2014-09-16,75.85,77.60,77.90,75.63,141626128
2014-09-15,76.30,75.63,77.08,75.45,127147024
2014-09-12,76.00,76.65,77.77,75.13,145526688
2014-09-11,79.05,76.30,79.55,76.14,153119344
2014-09-10,78.80,78.67,79.40,78.39,86323664
2014-09-09,78.85,79.41,80.20,78.69,105818880
2014-09-08,80.25,78.69,80.39,78.26,108470704
2014-09-05,78.80,80.25,81.30,78.50,159432128
2014-09-04,78.60,79.39,79.95,77.18,158504112
2014-09-03,74.19,78.50,78.75,73.75,277109088
2014-09-02,73.67,73.76,74.49,72.94,104627840
2014-09-01,73.51,73.68,74.94,72.52,164429296
2014-08-29,74.49,73.21,74.97,72.56,193460288
2014-08-28,77.46,74.59,77.87,74.45,231820448
2014-08-27,77.89,77.93,78.39,77.51,81493264
2014-08-26,78.60,77.44,78.92,77.24,79132960
2014-08-25,78.51,78.56,79.69,78.25,118676072
2014-08-22,78.50,78.39,78.89,76.88,140619872
2014-08-21,76.87,78.40,78.61,76.71,115995048
2014-08-20,76.00,76.90,76.90,75.18,120071264
2014-08-19,75.75,76.00,76.10,75.11,97471200
2014-08-18,75.21,75.15,75.98,74.77,87278048
2014-08-15,75.01,75.05,76.00,74.00,127078392
2014-08-14,74.94,74.99,75.87,74.30,146635008
2014-08-13,73.04,74.84,75.19,72.60,137022336
2014-08-12,74.10,73.35,75.18,72.88,168530256
2014-08-11,72.01,74.21,74.40,72.01,168710016
2014-08-08,67.91,70.70,70.75,67.91,162405312
2014-08-07,68.42,68.50,69.30,66.10,257510128
2014-08-06,71.22,69.00,71.30,68.85,252771008
2014-08-05,73.00,71.60,73.30,71.57,103702888
2014-08-04,72.80,72.75,73.59,71.85,102965072
2014-08-01,72.88,72.37,73.50,71.52,183538944
2014-07-31,73.90,73.60,75.27,73.24,110573680
2014-07-30,72.65,73.68,75.83,72.33,194588784
2014-07-29,72.45,73.20,74.50,71.86,193639216
2014-07-28,74.51,72.82,74.60,72.60,116467928
2014-07-25,76.81,75.16,76.98,75.00,109515352
2014-07-24,77.00,76.87,77.37,75.81,101869248
2014-07-23,78.40,77.45,78.94,76.60,93643344
2014-07-22,77.30,78.30,78.84,77.06,154403856
2014-07-21,80.31,76.56,80.40,76.56,182779552
2014-07-18,79.80,80.27,80.96,79.59,147407136
2014-07-17,82.00,81.50,82.19,80.53,147892864
2014-07-16,83.00,83.78,83.98,82.55,86004304
2014-07-15,83.82,83.09,84.01,82.87,79126704
2014-07-14,84.65,83.55,85.19,83.55,69434016
2014-07-11,84.50,84.55,84.88,83.80,78260360
2014-07-10,85.74,84.47,86.09,83.37,114382280
2014-07-09,84.91,85.20,85.56,84.20,80831840
2014-07-08,85.30,85.11,86.69,84.67,99525264
2014-07-07,84.08,85.49,85.70,83.87,71042760
2014-07-04,85.51,84.00,85.86,83.80,69404768
2014-07-03,85.90,85.34,86.50,85.25,76353880
2014-07-02,84.30,85.79,85.97,84.12,94197584
2014-07-01,84.45,84.07,84.46,83.05,80028336
2014-06-30,84.50,84.50,84.70,83.03,81496496
2014-06-27,84.15,84.33,84.94,83.96,57140600
2014-06-26,84.90,84.10,85.14,83.46,99471360
2014-06-25,86.02,84.40,86.40,83.85,114961048
2014-06-24,84.09,86.50,86.60,83.91,150531872
2014-06-23,84.23,83.68,85.30,83.41,99040960
2014-06-20,84.80,84.16,85.14,84.10,83715088
2014-06-19,84.55,84.80,85.69,84.35,112078352
2014-06-18,84.11,83.77,84.55,83.12,115310328
2014-06-17,84.95,83.80,85.55,83.37,86913968
2014-06-16,84.50,84.85,85.72,84.15,130296752
2014-06-11,89.00,89.00,89.33,88.51,67980016
2014-06-10,88.88,88.99,89.00,87.87,85853248
2014-06-09,89.30,88.89,89.60,88.62,84842192
2014-06-06,87.75,89.00,89.18,86.28,127899432
2014-06-05,87.95,87.43,89.05,86.86,136671328
2014-06-04,86.41,87.81,88.47,86.23,118827760
2014-06-03,85.30,86.84,86.84,84.66,119911056
2014-06-02,84.76,85.91,87.15,84.76,135552992
2014-05-30,85.65,84.50,85.90,84.21,108275152
2014-05-29,85.30,85.65,86.01,84.18,133574640
2014-05-28,84.50,84.95,85.38,83.73,117406896
2014-05-27,86.90,84.33,86.90,83.95,149979600
2014-05-26,86.00,86.87,87.62,85.37,113548192
2014-05-23,83.20,85.83,85.98,82.63,170529760
2014-05-22,84.01,83.26,84.30,82.16,132031136
2014-05-21,82.00,83.59,84.09,81.30,191332528
2014-05-20,82.05,82.31,82.55,80.55,155680144
2014-05-19,79.30,81.62,81.68,79.17,141104432
2014-05-16,79.40,79.20,79.79,78.53,148101152
2014-05-15,81.10,80.04,82.30,79.75,171237776
2014-05-14,80.25,81.38,81.68,79.55,136298432
2014-05-13,79.76,80.15,81.08,79.15,186766016
2014-05-12,78.79,79.08,79.90,77.73,164644992
2014-05-08,79.00,78.80,80.25,77.57,248696592
2014-05-07,73.23,78.50,80.37,73.16,271218496
2014-05-06,72.32,74.10,74.30,72.32,129555640
2014-05-05,71.35,71.99,72.44,71.01,67164800
2014-05-02,72.00,72.22,72.50,70.89,64294280
2014-04-30,72.51,72.50,73.10,71.48,109106808
2014-04-29,74.19,72.80,74.66,72.30,184166288
2014-04-28,69.00,73.39,73.70,67.90,382641856
2014-04-25,73.05,69.91,73.10,69.56,297122496
2014-04-24,75.85,73.21,76.11,71.81,251265728
2014-04-23,76.20,75.56,76.51,75.12,133283600
2014-04-22,77.50,76.30,77.50,75.60,135293152
2014-04-21,78.80,77.62,78.80,77.46,83590288
2014-04-18,78.39,78.82,79.40,78.22,114463048
2014-04-17,76.00,76.89,77.21,75.20,201674512
2014-04-16,75.95,76.13,76.50,73.62,271726752
2014-04-15,78.00,75.20,78.34,75.10,190723344
2014-04-14,79.11,78.35,79.11,77.50,190735312
2014-04-11,78.71,79.75,80.07,77.65,154422064
2014-04-10,79.22,79.90,80.44,78.51,178317552
2014-04-09,79.80,78.85,80.10,77.75,161363632
2014-04-08,79.90,79.41,80.00,78.51,163499344
2014-04-07,81.88,79.95,81.88,78.87,236725408
2014-04-04,81.95,82.98,83.30,80.85,147144288
2014-04-03,82.88,81.51,83.39,81.21,127794992
2014-04-02,84.00,82.67,84.18,81.44,143111440
2014-04-01,84.01,83.88,84.68,82.75,154874304
2014-03-31,81.39,83.80,83.80,81.12,178420736
2014-03-28,80.40,81.36,81.96,79.67,152251856
2014-03-27,82.16,79.90,82.72,79.20,185280640
2014-03-26,82.10,82.50,84.34,82.02,229652064
2014-03-25,78.84,81.70,81.97,77.34,255665904
2014-03-24,78.47,78.40,80.38,77.82,167819184
2014-03-21,77.20,78.47,78.51,76.10,207828976
2014-03-20,79.55,79.40,81.27,78.43,190046944
2014-03-19,81.58,80.64,82.60,79.13,257701520
2014-03-18,77.60,82.00,82.00,75.64,301075136
2014-03-17,72.50,76.71,77.12,71.87,344321664
2014-03-14,68.00,71.20,71.75,65.33,346714112
2014-03-13,73.50,69.80,73.89,68.87,256776112
2014-03-12,75.98,72.74,76.36,72.35,227452384
2014-03-11,79.05,76.75,79.75,76.39,150142976
2014-03-07,80.00,79.99,81.46,78.34,190384624
2014-03-06,81.63,80.47,83.81,76.56,281937504
2014-03-05,82.37,81.47,82.77,80.12,175284128
2014-03-04,78.50,81.52,83.90,77.17,371921696
2014-03-03,85.50,77.35,86.84,74.96,427913504
2014-02-28,90.15,91.10,91.42,88.87,112780920
2014-02-27,92.50,90.05,92.61,89.40,129290624
2014-02-26,94.28,92.35,94.59,91.85,90720384
2014-02-25,95.37,94.13,95.48,93.32,74634336
2014-02-24,95.00,94.67,95.09,94.06,48226208
2014-02-21,95.02,94.93,95.44,94.51,52205040
2014-02-20,94.10,94.60,94.76,93.61,72263744
2014-02-19,96.51,94.80,96.59,94.53,79367616
2014-02-18,97.50,96.73,97.95,96.55,56765128
2014-02-17,97.10,97.47,98.08,97.09,54738672
2014-02-14,95.80,96.70,96.84,95.70,63884792
2014-02-13,96.30,95.50,96.69,95.30,62181740
2014-02-12,96.91,97.00,97.14,96.15,70670072
2014-02-11,95.97,96.18,96.65,95.51,55103912
2014-02-10,96.94,95.49,97.08,95.42,67771880
2014-02-07,97.00,96.60,97.36,96.11,77654992
2014-02-06,95.78,96.56,96.81,95.65,76095208
2014-02-05,94.31,95.51,95.65,94.01,90666208
2014-02-04,93.55,93.94,94.48,93.25,93931280
2014-02-03,94.95,94.57,95.89,94.55,81505776
2014-01-31,95.80,94.80,96.27,94.43,103047608
2014-01-30,96.10,95.70,96.69,94.40,130498640
2014-01-29,97.93,96.10,98.98,95.73,120814560
2014-01-28,98.21,97.40,98.74,97.05,80448952
2014-01-27,98.62,97.84,99.11,97.63,103793448
2014-01-24,100.99,99.63,101.26,99.63,112821696
2014-01-23,101.81,101.56,102.92,101.56,70600712
2014-01-22,102.21,102.20,102.49,101.13,58589100
2014-01-21,102.50,102.14,102.57,101.90,61991432
2014-01-20,100.99,101.96,102.17,100.66,62429420
2014-01-17,100.36,101.08,101.45,100.10,69135168
2014-01-16,100.90,100.60,101.64,100.53,62759280
2014-01-15,99.95,100.69,100.79,99.56,77839368
2014-01-14,99.18,99.25,99.73,98.51,78485160
2014-01-13,99.30,100.24,100.35,99.04,62051248
2014-01-10,97.87,99.41,99.41,97.52,51902400
2014-01-09,98.44,97.97,98.77,97.69,45986900
2014-01-08,99.10,98.20,99.41,97.85,42372288
2014-01-06,100.20,98.63,100.31,98.62,31691800
2013-12-30,100.51,101.05,101.39,100.45,34310640
2013-12-27,102.00,100.65,102.21,100.65,37103792
2013-12-26,101.62,101.91,102.18,101.45,22250510
2013-12-25,102.31,101.62,102.31,101.53,22183040
2013-12-24,102.50,101.90,102.54,101.75,40338120
2013-12-23,102.45,102.22,102.83,102.05,67006352
2013-12-20,101.85,102.20,102.25,101.31,75647408
2013-12-19,101.23,101.73,102.30,100.80,105506160
2013-12-18,100.15,100.10,100.71,99.82,59591352
2013-12-17,100.53,100.00,100.81,99.61,72704272
2013-12-16,98.40,99.79,99.93,98.12,87234112
2013-12-13,98.96,98.80,99.60,98.58,79694088
2013-12-12,99.50,98.90,100.30,98.44,103712816
2013-12-11,99.91,100.65,100.94,99.13,85886120
2013-12-10,100.97,100.18,101.39,99.72,91125872
2013-12-09,100.32,101.00,101.07,99.55,95366624
2013-12-06,98.49,99.81,100.00,97.88,107963456
2013-12-05,99.28,98.20,99.94,97.95,94786248
2013-12-04,100.30,98.95,100.78,98.74,96070960
2013-12-03,102.20,100.13,102.48,100.00,123406320
2013-12-02,103.16,102.45,103.66,102.31,61527832
2013-11-29,102.71,103.27,103.29,101.84,79612656
2013-11-28,103.30,102.66,103.78,102.33,64879432
2013-11-27,103.50,102.76,104.14,102.62,80453800
2013-11-26,105.35,103.35,105.35,103.01,93845312
2013-11-25,105.51,105.22,106.20,105.21,72178648
2013-11-22,105.23,105.10,105.48,104.25,70239232
2013-11-21,105.11,104.97,105.56,104.69,77524160
2013-11-20,105.89,106.00,106.32,105.11,79936144
2013-11-19,105.40,106.22,106.80,105.40,100547408
2013-11-18,103.99,105.45,105.54,103.60,92184968
2013-11-15,104.30,103.66,104.70,103.24,96819504
2013-11-14,102.81,103.65,103.98,102.81,93686488
2013-11-13,103.81,101.59,104.98,101.11,135946288
2013-11-12,101.96,104.20,104.26,101.74,112492624
2013-11-11,102.51,101.77,102.59,101.48,53096352
2013-11-08,102.41,101.89,102.66,101.57,89014360
2013-11-07,102.31,103.42,103.87,102.10,76238840
2013-11-06,103.00,102.53,103.09,102.26,66133088
2013-11-05,104.06,102.46,104.43,102.40,61356728
2013-11-01,102.74,103.65,103.77,102.50,62858848
2013-10-31,102.30,102.80,103.08,101.70,87954832
2013-10-30,103.20,103.20,104.14,102.74,82968328
2013-10-29,102.75,102.75,103.48,102.12,65077432
2013-10-28,103.60,102.87,104.18,102.50,71025056
2013-10-25,102.61,102.97,103.61,102.02,78521208
2013-10-24,103.50,102.85,103.86,102.63,68751720
2013-10-23,104.89,103.25,105.08,103.03,78066512
2013-10-22,105.23,105.40,105.81,104.55,71694656
2013-10-21,105.56,105.49,105.95,104.88,63746540
2013-10-18,103.98,105.35,105.64,103.61,115501360
2013-10-17,104.20,103.40,104.37,102.36,83012032
2013-10-16,104.05,104.04,105.09,103.60,84614624
2013-10-15,103.91,104.70,104.89,103.52,103099720
2013-10-14,102.40,103.00,103.00,101.71,66291240
2013-10-11,104.00,102.80,104.16,102.42,91915672
2013-10-10,102.04,103.70,104.36,101.85,111791104
2013-10-09,101.79,101.55,103.01,101.05,99305216
2013-10-08,100.30,101.91,102.26,99.90,113584168
2013-10-07,99.70,100.50,100.50,99.12,84643632
2013-10-04,98.00,100.25,100.40,97.68,81230792
2013-10-03,98.13,98.21,98.80,97.51,77836464
2013-10-02,98.94,97.71,99.40,97.27,79877888
2013-10-01,97.80,99.15,99.34,97.75,74492480
2013-09-30,97.74,97.70,98.39,97.10,71124928
2013-09-27,101.80,98.70,101.80,98.58,90396328
2013-09-26,102.05,101.60,102.69,101.01,74163008
2013-09-25,100.31,101.95,102.19,100.10,76053112
2013-09-24,101.30,100.41,101.56,100.37,81642088
2013-09-23,102.12,101.40,102.43,101.30,79846992
2013-09-20,101.63,102.55,102.61,101.37,80174544
2013-09-19,102.50,102.37,103.63,101.89,160727344
2013-09-18,99.60,99.62,100.63,99.03,109579560
2013-09-17,98.38,99.40,99.60,97.89,69417120
2013-09-16,96.76,99.00,99.04,96.71,112092072
2013-09-13,95.00,95.79,95.89,94.64,57993192
2013-09-12,95.98,95.55,96.14,94.24,80569984
2013-09-11,96.45,95.50,96.73,95.25,68867472
2013-09-10,95.49,96.79,96.92,94.88,118417472
2013-09-09,93.01,94.90,95.06,93.01,127372072
2013-09-06,92.73,92.51,95.00,91.77,167514288
2013-08-30,90.05,88.23,90.05,87.75,67274568
2013-08-29,89.71,89.82,90.65,89.32,61758140
2013-08-28,89.71,89.39,90.41,88.65,89337008
2013-08-27,90.62,90.06,90.95,89.70,75396176
2013-08-26,92.40,91.29,92.85,90.82,38701780
2013-08-23,92.40,91.91,92.80,91.56,57170500
2013-08-22,89.94,92.08,92.55,89.80,88208632
2013-08-21,91.85,90.63,92.61,89.90,102752576
2013-08-20,92.91,91.75,92.92,91.50,86553616
2013-08-19,94.00,93.60,94.41,93.24,65107260
2013-08-16,95.77,93.80,95.83,93.57,77257216
2013-08-15,97.63,95.42,97.96,95.20,65753528
2013-08-14,97.50,98.00,98.25,97.13,55342200
2013-08-13,96.51,97.39,97.95,96.45,66260480
2013-08-12,95.75,96.24,96.37,94.76,50570300
2013-08-09,94.50,95.70,95.78,93.93,59579140
2013-08-08,94.85,94.02,95.22,93.32,53362392
2013-08-07,94.31,94.41,95.28,94.07,52969488
2013-08-06,95.80,94.71,96.19,94.63,40542700
2013-08-05,96.90,96.22,97.47,96.02,39862480
2013-08-02,97.37,96.99,97.89,95.63,63981400
2013-08-01,95.96,96.84,97.00,95.80,56403880
2013-07-31,94.06,95.23,95.59,93.66,64128808
2013-07-30,94.50,94.06,95.08,93.75,57792160
2013-07-29,94.78,94.28,95.60,94.22,45758900
2013-07-26,96.45,94.81,96.70,94.75,80184352
2013-07-25,96.20,95.77,96.97,95.56,85607872
2013-07-24,96.92,96.46,97.48,95.70,98477808
2013-07-23,98.43,96.85,99.04,96.75,75228480
2013-07-22,100.00,97.77,100.43,97.75,73008256
2013-07-19,98.00,99.99,101.26,97.66,83914144
2013-07-18,101.01,98.39,101.50,97.93,97311184
2013-07-17,99.32,101.15,101.30,98.75,71793104
2013-07-16,99.90,99.47,101.36,99.10,90129288
2013-07-15,98.80,99.90,100.45,98.45,105744864
2013-07-12,95.45,98.57,98.75,95.17,119862272
2013-07-11,92.06,95.51,95.57,92.05,112549272
2013-07-10,92.40,91.14,92.76,90.75,51969480
2013-07-09,93.50,92.39,93.63,92.00,48534400
2013-07-08,92.80,92.84,93.47,91.80,53667992
2013-07-05,94.50,93.20,94.86,92.85,69156912
2013-07-04,93.51,93.95,94.59,92.32,58629700
2013-07-03,94.02,93.04,94.12,92.70,55720100
2013-07-02,95.26,94.80,95.77,94.07,55404680
2013-07-01,93.83,95.42,95.65,93.01,66466072
2013-06-28,93.91,93.68,94.65,92.25,81701192
2013-06-27,93.05,93.24,93.74,92.21,76612832
2013-06-26,89.99,92.51,92.65,89.30,94537680
2013-06-25,89.00,89.57,90.64,88.81,88493128
2013-06-24,90.43,88.88,91.70,88.54,91754448
2013-06-21,90.91,91.50,93.18,90.10,79972720
2013-06-20,92.87,91.30,92.89,91.10,103325672
2013-06-19,96.18,94.57,96.57,94.08,63191980
2013-06-18,95.30,96.37,96.90,95.08,63808008
2013-06-17,94.05,95.64,95.95,93.90,79176992
2013-06-14,92.97,93.70,94.09,91.42,88549744
2013-06-13,92.80,91.77,93.49,90.37,119335824
2013-06-11,97.50,94.66,98.47,94.02,96754928
2013-06-10,99.80,97.80,100.63,97.41,68514384
2013-06-07,97.62,99.20,99.56,96.93,79913152
2013-06-06,97.24,96.80,98.15,96.30,65827520
2013-06-05,98.21,97.50,99.20,97.20,80543680
2013-06-04,99.73,98.79,101.50,98.73,79724568
2013-06-03,97.79,98.70,100.65,96.88,102246096
2013-05-31,100.50,99.05,100.77,97.75,86352416
2013-05-30,100.00,100.07,100.98,98.78,79554464
2013-05-29,103.48,99.96,103.55,99.90,84541592
2013-05-28,103.21,104.10,104.87,103.20,66309632
2013-05-27,103.47,102.87,103.79,102.04,47531440
2013-05-24,106.00,103.08,106.49,102.38,108569616
2013-05-23,108.87,105.55,108.95,105.53,94219992
2013-05-22,108.85,110.74,111.44,108.85,106411264
2013-05-21,106.50,108.86,109.39,105.87,77406656
2013-05-20,105.60,106.65,107.19,105.17,76237296
2013-05-17,102.50,105.19,105.33,101.80,12753324
2013-05-16,103.32,102.37,103.95,102.24,55045552
2013-05-15,104.50,103.12,104.58,102.34,63053592
2013-05-14,103.10,103.95,104.90,102.80,59642740
2013-05-13,103.52,103.22,103.93,101.90,84124256
2013-05-10,105.17,103.57,105.89,103.52,32329670
2013-05-08,105.04,105.76,105.90,104.25,60044960
2013-05-07,102.20,105.23,105.40,101.62,104996432
2013-05-06,103.35,102.49,103.38,102.01,51588540
2013-05-03,101.30,103.00,103.01,100.50,52655328
2013-05-02,98.05,100.86,101.28,98.05,49345740
2013-04-30,95.48,99.11,99.31,94.60,90607000
2013-04-29,95.60,94.66,96.84,94.65,40530500
2013-04-26,96.10,95.80,96.98,95.07,59957312
2013-04-25,98.05,96.47,99.40,96.20,91998512
2013-04-24,96.88,97.96,98.76,96.49,90585880
2013-04-23,95.00,96.52,96.58,94.00,73617448
2013-04-22,97.06,95.05,98.05,94.67,62363220
2013-04-19,96.22,96.40,97.60,95.63,64959288
2013-04-18,94.42,95.44,96.48,94.21,73686312
2013-04-17,94.00,94.46,94.46,93.92,732820
2013-04-16,96.03,95.82,96.92,95.82,771120
2013-04-15,95.60,95.60,95.60,95.60,460100
2013-04-12,98.36,98.36,98.36,98.36,552800
2013-04-11,102.40,102.40,102.40,102.40,565520
2013-04-10,100.40,100.47,103.37,99.89,653500
2013-04-09,101.24,102.50,102.50,100.66,829620
2013-04-08,99.26,100.47,100.47,99.83,680540
2013-04-05,99.26,99.26,99.26,99.26,678480
2013-04-04,99.93,99.93,99.93,99.93,662780
2013-04-03,99.46,99.46,99.46,99.46,541120
2013-04-02,99.10,99.10,99.10,99.10,339840
2013-04-01,98.08,98.08,98.08,98.08,276900
2013-03-29,98.86,98.86,98.86,98.86,298380
2013-03-28,98.61,98.61,98.61,98.61,217380
2013-03-27,97.20,96.87,97.22,96.87,318120
2013-03-26,97.11,97.11,97.11,97.11,240220
2013-03-25,100.48,98.70,101.18,98.44,83351248
2013-03-22,101.04,99.37,101.19,99.21,97056472
2013-03-21,102.80,101.70,103.52,101.57,83767320
2013-03-20,99.50,102.38,102.44,99.43,126361808
2013-03-19,100.46,99.72,101.30,98.86,112775056
2013-03-18,102.50,100.46,102.59,99.30,139264032
2013-03-15,105.60,104.42,105.94,104.05,66847700
2013-03-14,104.43,104.81,105.55,103.75,70817128
2013-03-13,105.75,104.43,106.05,104.36,69928088
2013-03-12,106.88,106.07,107.08,105.61,58453008
2013-03-11,106.11,106.78,107.48,106.11,80720440
2013-03-07,105.35,105.31,105.96,104.91,46280380
2013-03-06,104.40,105.33,105.89,104.29,65084620
2013-03-05,103.66,103.91,104.44,103.29,83270600
2013-03-04,102.80,102.90,103.43,102.15,52460180
2013-03-01,104.00,103.09,104.29,102.60,60711072
2013-02-28,104.30,104.57,104.80,103.53,69121848
2013-02-27,104.40,103.45,104.76,102.85,59551832
2013-02-26,105.38,104.14,105.38,103.44,94812160
2013-02-25,106.30,106.61,107.00,105.61,43229580
2013-02-22,107.00,106.12,107.48,105.95,51473032
2013-02-21,106.54,106.74,106.89,105.49,7721477
2013-02-20,108.90,107.82,109.00,107.00,76411424
2013-02-19,106.06,108.73,108.77,105.94,83376304
2013-02-18,105.12,106.23,106.38,104.38,64926220
2013-02-15,107.89,105.08,107.98,105.05,98640568
2013-02-14,108.70,107.62,111.50,107.27,140876064
2013-02-13,109.16,108.80,109.34,107.80,73513344
2013-02-12,106.54,108.48,109.24,106.54,106179168
2013-02-11,107.01,107.04,108.45,107.00,58149328
2013-02-08,105.99,107.08,107.63,105.01,80301560
2013-02-07,106.72,105.65,107.29,105.23,90215328
2013-02-06,108.29,106.80,110.08,106.39,102458360
2013-02-05,106.80,107.75,108.15,106.67,55367008
2013-02-04,108.79,107.20,109.15,107.20,69878080
2013-02-01,109.54,108.36,110.47,107.77,114548784
2013-01-31,107.41,109.59,109.64,106.62,205604768
2013-01-30,107.20,107.80,108.47,106.95,121194224
2013-01-29,107.20,106.55,108.30,106.15,131445072
2013-01-28,103.96,106.90,107.12,103.93,141249632
2013-01-25,102.40,103.67,103.85,101.93,87251768
2013-01-24,103.07,102.48,103.07,101.92,81708624
2013-01-23,102.73,103.45,103.65,102.18,91850152
2013-01-22,103.70,102.35,103.85,102.07,85613360
2013-01-21,103.50,103.64,103.95,102.78,77699536
2013-01-18,101.50,103.48,103.55,101.50,110211792
2013-01-17,99.90,101.15,101.33,99.54,83900992
2013-01-16,99.85,99.97,100.13,99.19,67772488
2013-01-15,100.61,99.85,101.00,99.78,80028952
2013-01-14,99.72,100.99,101.27,99.57,83905912
2013-01-11,98.80,99.56,99.76,98.48,72444304
2013-01-10,98.30,98.41,98.55,97.96,48070488
2013-01-09,98.40,98.23,98.65,97.81,60381320
2013-01-08,96.50,98.37,98.50,96.12,93018224
2012-12-28,92.90,92.94,93.34,92.40,3993319
2012-12-27,92.48,92.82,93.51,92.22,4023743
2012-12-26,92.39,92.35,92.55,91.60,3014118
2012-12-25,92.76,92.38,93.11,92.38,1986527
2012-12-24,93.21,92.50,93.21,92.33,3609358
2012-12-21,93.52,93.50,93.99,93.17,5091180
2012-12-20,94.00,94.69,94.85,93.60,62420680
2012-12-19,95.38,94.53,96.03,94.45,7647401
2012-12-18,94.00,95.11,95.30,93.94,8134849
2012-12-17,93.53,93.54,93.60,93.01,4458900
2012-12-14,93.29,93.42,93.86,93.03,4751870
2012-12-13,93.63,93.39,93.84,92.68,6848270
2012-12-12,93.76,93.86,94.10,93.60,49309880
2012-12-11,93.59,93.52,93.87,93.11,5318706
2012-12-10,93.40,93.59,94.19,92.77,7161376
2012-12-07,93.75,93.20,93.85,92.02,9055477
2012-12-06,93.71,93.58,94.11,93.10,6221665
2012-12-05,92.30,93.83,93.95,92.17,9995242
2012-12-04,92.20,91.84,92.61,91.57,6751052
2012-12-03,91.41,92.80,92.80,90.84,9664598
2012-11-30,87.76,91.41,91.60,87.30,22965936
2012-11-29,88.90,87.91,88.90,87.73,6445730
2012-11-28,88.77,87.73,88.79,87.40,88213392
2012-11-27,89.62,89.20,89.84,88.90,5164601
2012-11-26,89.44,89.20,90.13,89.02,6703897
2012-11-23,88.28,89.31,89.41,88.17,7422021
2012-11-22,88.01,88.01,88.28,87.30,5235864
2012-11-21,86.50,87.88,88.07,86.10,5993831
2012-11-20,87.40,87.00,87.75,86.68,5112644
2012-11-19,86.61,87.34,87.60,86.12,7904583
2012-11-16,85.89,85.98,86.61,85.21,64487940
2012-11-15,84.00,86.09,86.36,83.85,70310976
2012-11-14,85.10,84.72,85.50,83.75,9282566
2012-11-13,86.34,84.31,86.34,84.05,99054528
2012-11-12,86.02,86.78,86.95,85.25,59443608
2012-11-09,86.00,85.80,86.32,84.82,95025376
2012-11-08,89.25,86.34,89.89,85.90,16500567
2012-11-07,91.75,89.95,91.77,89.71,7469503
2012-11-06,91.82,91.34,91.92,91.11,44943440
2012-11-02,91.99,91.95,92.64,91.48,6575340
2012-11-01,91.60,91.84,92.06,90.20,7516238
2012-10-31,91.27,91.79,92.20,91.20,5185076
2012-10-30,91.30,91.20,92.25,91.12,53669620
2012-10-29,91.65,91.70,92.19,91.12,4252855
2012-10-26,92.20,91.95,92.31,91.36,7424590
2012-10-25,93.29,92.89,93.83,92.76,5600307
2012-10-24,94.03,93.38,94.20,92.80,70765512
2012-10-23,93.81,93.59,94.06,93.07,8223703
2012-10-22,92.70,94.10,94.38,92.60,7412659
2012-10-19,93.45,93.19,93.65,92.72,54653192
2012-10-18,93.23,93.70,94.07,93.18,8766334
2012-10-17,92.20,93.12,93.31,92.10,8751176
2012-10-16,92.10,92.19,92.20,91.11,69671936
2012-10-15,91.50,91.28,92.27,90.95,6034533
2012-10-12,92.50,91.50,92.57,91.25,6439169
2012-10-11,91.80,92.64,92.95,91.80,6713775
2012-10-10,92.25,92.29,92.47,91.82,7656206
2012-10-09,92.99,92.63,93.08,92.06,6677944
2012-10-08,92.70,92.60,92.89,92.20,6782518
2012-10-05,92.02,93.02,93.52,91.71,10528596
2012-10-04,92.37,91.47,92.47,90.75,88357528
2012-10-03,91.52,91.92,92.64,90.94,92187360
2012-10-02,92.00,91.90,92.24,91.14,9220874
2012-10-01,90.61,92.33,92.34,90.61,96865768
2012-09-28,90.97,90.99,91.30,90.23,115659920
2012-09-27,91.48,90.07,91.64,89.45,128304760
2012-09-26,93.00,90.75,93.14,90.56,122383640
2012-09-25,94.35,93.75,94.46,93.46,8650659
2012-09-24,93.80,94.17,94.20,93.33,70281776
2012-09-21,94.48,94.16,94.60,93.58,110055616
2012-09-20,93.15,93.77,93.97,92.62,13512854
2012-09-19,94.80,93.78,95.28,92.81,314614784
2012-09-18,95.01,94.75,96.67,94.57,14625917
2012-09-17,96.32,95.57,96.38,94.48,21522468
2012-09-14,95.00,96.23,98.09,94.77,24937322
2012-09-13,93.36,93.00,93.71,92.40,8088207
2012-09-12,94.30,93.60,94.49,93.40,94913424
2012-09-11,93.70,94.03,94.24,93.37,77186832
2012-09-10,93.60,94.12,94.61,93.28,7935724
2012-09-07,94.32,94.84,95.76,93.62,15816889
2012-09-06,93.27,93.41,94.17,92.45,14387714
2012-09-05,92.86,92.63,93.13,92.22,9316692
2012-09-04,94.15,93.07,94.73,93.03,77520912
2012-09-03,93.20,94.04,94.50,93.17,5976338
2012-08-31,93.61,93.20,94.18,93.00,86066008
2012-08-30,94.39,93.99,94.79,93.41,7835614
2012-08-29,94.50,94.50,95.48,94.13,126515992
2012-08-28,92.69,94.50,94.80,92.48,130671696
2012-08-27,93.47,93.04,93.75,92.51,7590830
2012-08-24,92.50,92.73,93.47,92.17,10063261
2012-08-23,93.35,94.07,95.05,92.90,15028725
2012-08-22,92.80,92.80,93.45,92.23,8253639
2012-08-21,91.93,93.50,93.60,91.93,95928088
2012-08-20,92.24,91.66,92.45,91.12,9310236
2012-08-17,93.35,92.82,93.39,92.00,8158639
2012-08-16,93.50,93.05,93.80,92.33,8064644
2012-08-15,93.14,92.50,93.20,91.72,11602688
2012-08-14,93.48,93.60,94.15,93.11,74818208
2012-08-13,93.13,93.73,94.44,92.86,9585668
2012-08-10,93.34,92.87,93.35,91.95,88352720
2012-08-09,94.39,94.04,95.35,93.01,11086683
2012-08-08,93.51,93.90,94.30,92.82,94891344
2012-08-07,92.99,93.97,94.44,92.56,115326320
2012-08-06,91.91,92.95,94.07,91.40,18582320
2012-08-03,88.79,91.55,91.87,88.45,126328368
2012-08-02,89.39,89.29,91.07,87.40,15425724
2012-08-01,89.50,89.40,90.89,89.30,92766488
2012-07-31,91.50,89.73,91.73,89.41,104652232
2012-07-30,90.50,91.20,91.75,90.50,89795512
2012-07-27,89.10,89.31,90.44,88.24,11510825
2012-07-26,87.00,87.65,88.95,86.07,15585367
2012-07-25,84.00,85.90,87.18,83.01,20499204
2012-07-24,87.00,85.42,87.00,84.43,13988904
2012-07-23,89.25,86.00,89.30,85.51,151248624
2012-07-20,91.65,90.68,91.78,90.11,8132960
2012-07-19,92.15,92.15,92.90,91.86,102096144
2012-07-18,91.50,91.58,92.15,91.11,6904312
2012-07-17,91.48,91.58,92.34,91.00,11404437
2012-07-16,91.00,90.83,91.28,90.35,7191981
2012-07-13,89.98,90.22,91.08,89.42,9607838
2012-07-12,89.80,89.10,90.09,88.37,10641397
2012-07-11,90.57,90.09,90.86,89.27,11341977
2012-07-10,89.55,90.91,91.75,89.36,11458720
2012-07-09,88.88,90.10,90.37,88.70,99331848
2012-07-06,90.42,89.16,91.37,88.75,127342728
2012-07-05,90.55,91.16,92.43,89.95,17135356
2012-07-04,90.63,90.43,91.25,89.65,7488906
2012-07-03,88.00,90.87,91.07,87.96,147059488
2012-07-02,86.17,87.24,88.14,85.76,12419838
2012-06-29,84.03,86.40,86.46,84.02,134360816
2012-06-28,84.98,82.78,84.98,82.65,106434888
2012-06-27,83.97,84.18,84.84,83.25,9534517
2012-06-26,82.40,83.28,84.34,82.40,10368689
2012-06-25,83.76,82.30,83.89,81.92,103217616
2012-06-22,84.24,83.90,84.35,83.38,11016579
2012-06-21,85.00,85.45,86.39,84.36,123303184
2012-06-20,86.96,85.70,87.26,85.51,91968248
2012-06-19,85.92,87.00,87.12,85.53,117555768
2012-06-18,85.30,85.98,86.59,85.24,14883724
2012-06-15,83.70,84.40,84.77,83.06,139141584
2012-06-14,82.72,83.12,83.36,82.48,95193608
2012-06-13,82.08,82.74,83.50,81.50,14840611
2012-06-08,82.20,81.14,82.23,80.41,18011452
2012-06-07,81.10,81.94,83.75,79.91,21083224
2012-06-06,78.99,80.58,80.84,77.77,179164992
2012-06-05,78.89,78.10,79.79,77.40,134177112
2012-06-04,77.49,77.70,78.87,76.25,16345472
2012-06-01,81.60,78.80,82.15,77.95,195306912
2012-05-31,82.37,81.50,83.52,80.52,26141860
2012-05-30,83.41,82.50,83.79,81.84,207458016
2012-05-29,80.96,84.16,84.17,80.31,217454144
2012-05-28,80.89,80.39,81.86,79.95,104526816
2012-05-25,81.12,79.90,82.90,79.85,175505600
2012-05-24,79.51,79.77,81.77,77.80,22462034
2012-05-23,81.34,78.85,81.50,78.57,188314096
2012-05-22,82.70,82.24,83.36,80.70,18538680
2012-05-21,78.95,81.95,82.05,78.25,205764160
2012-05-18,78.90,78.40,81.08,75.30,39170096
2012-05-17,87.00,80.80,87.30,79.79,306004160
2012-05-16,86.92,86.85,87.91,86.50,181681376
2012-05-15,87.49,87.69,88.90,86.22,17037532
2012-05-14,90.39,87.51,90.55,87.42,105540168
2012-05-11,90.94,91.03,91.22,89.46,104555424
2012-05-10,89.71,91.75,91.84,89.27,111584592
2012-05-08,89.02,89.09,90.40,87.63,10447514
2012-05-07,89.00,88.36,89.87,86.00,8603371
2012-05-04,92.12,90.90,92.64,90.32,154978592
2012-05-03,93.30,92.89,93.64,92.12,10646420
2012-05-02,94.47,93.12,95.69,93.06,106143032
2012-04-27,92.30,93.78,94.12,91.85,116572048
2012-04-26,94.08,92.70,94.28,91.61,99341000
2012-04-25,93.15,93.80,94.13,93.15,101935104
2012-04-24,92.60,92.70,93.61,91.44,119386464
2012-04-23,94.55,92.75,94.71,91.98,11639948
2012-04-20,93.91,94.97,95.29,93.64,122239808
2012-04-19,93.08,94.40,94.84,92.88,147573456
2012-04-18,94.00,92.90,94.68,92.61,139560768
2012-04-17,92.49,92.30,93.39,91.14,16022777
2012-04-16,93.52,92.31,93.74,91.43,189478976
2012-04-13,94.03,94.38,95.13,93.60,13530428
2012-04-12,96.40,95.50,96.74,94.60,141555248
2012-04-11,94.89,96.00,97.16,94.62,161909888
2012-04-10,95.79,95.55,96.87,95.30,181689200
2012-04-09,95.31,95.90,95.99,93.51,168407824
2012-04-06,97.40,96.73,97.75,95.42,11621737
2012-04-05,96.60,97.45,97.56,94.65,206109744
2012-04-04,97.05,96.85,97.95,96.01,17863016
2012-04-03,96.07,97.97,98.23,95.67,220727520
2012-04-02,95.40,95.18,96.20,94.46,145721744
2012-03-30,94.92,95.14,96.00,94.02,21356492
2012-03-29,95.75,93.55,96.42,93.40,200278496
2012-03-28,97.46,96.73,98.15,95.40,22309012
2012-03-27,100.47,97.80,100.94,97.65,164809696
2012-03-26,98.60,99.33,100.30,98.04,2689090
2012-03-23,96.33,97.60,97.62,95.72,221690720
2012-03-22,97.98,96.00,98.84,95.84,215094256
2012-03-21,98.88,98.20,99.45,97.42,263448384
2012-03-20,99.80,98.49,100.09,98.02,244756000
2012-03-19,100.93,99.67,101.63,98.63,268617248
2012-03-16,100.99,100.18,101.17,99.51,293962304
2012-03-15,102.45,100.65,103.00,100.30,309218848
2012-03-14,101.80,103.32,103.85,101.80,290361248
2012-03-13,99.70,100.53,100.89,99.37,274147328
2012-03-12,99.14,99.09,100.35,98.38,330929792
2012-03-07,97.07,97.68,97.99,96.68,318391680
2012-03-06,101.76,97.37,101.76,97.12,276260480
2012-03-05,101.80,102.30,103.30,101.32,286588800
2012-03-02,100.79,101.60,101.75,99.95,296406336
2012-03-01,99.48,100.25,100.37,98.94,245379264
2012-02-29,99.11,100.19,100.30,98.91,286808768
2012-02-28,100.17,98.64,100.40,98.32,258684656
2012-02-27,98.60,99.72,99.96,98.41,292522304
2012-02-24,96.79,99.02,99.22,96.21,240244336
2012-02-22,96.99,96.09,97.48,95.24,278015648
2012-02-21,97.77,96.68,97.77,96.31,254131504
2012-02-20,97.60,97.55,98.16,97.44,300616864
2012-02-17,97.27,96.71,97.39,96.46,299115104
2012-02-16,96.00,96.20,96.45,95.50,291937120
2012-02-15,97.32,97.21,97.77,96.66,304208224
2012-02-14,95.80,96.45,97.22,95.37,327405120
2012-02-13,94.63,96.17,96.37,94.63,288755200
2012-02-10,94.51,94.00,94.93,93.63,257102240
2012-02-09,95.08,95.15,96.37,94.64,273499968
2012-02-08,94.22,95.20,95.39,94.22,267437584
2012-02-07,94.00,93.40,94.45,92.85,3504420
2012-02-06,94.81,93.80,94.88,93.46,287536384
2012-02-03,92.51,94.70,94.79,92.32,266768800
2012-02-02,93.10,92.62,93.85,91.92,259242912
2012-02-01,89.72,92.59,92.93,89.17,2596130
2012-01-31,89.79,90.30,90.92,89.61,338879104
2012-01-30,90.15,88.92,90.69,88.86,301348032
2012-01-27,89.69,90.70,91.28,89.63,318425152
2012-01-26,88.00,90.33,90.80,87.97,317549888
2012-01-25,85.60,87.15,87.87,85.56,347874912
2012-01-24,84.85,85.05,85.49,84.47,362920288
2012-01-23,84.95,85.03,85.67,83.82,361032480
2012-01-20,86.00,85.25,86.28,84.82,379141440
2012-01-19,85.48,85.70,86.04,84.76,340204832
2012-01-18,84.66,84.80,85.56,83.95,338497088
2012-01-17,84.81,84.71,85.65,84.19,361550176
2012-01-16,83.00,83.97,84.21,82.55,302569600
2012-01-13,84.61,83.60,85.07,83.54,294300640
2012-01-12,85.11,84.30,86.38,84.30,279302848
2012-01-11,85.53,84.85,85.53,84.85,282229408
2012-01-10,85.61,86.81,86.81,84.09,311934592
2011-12-30,78.53,79.40,80.02,78.00,168210016
2011-12-29,79.00,78.80,79.01,77.20,244386736
2011-12-28,79.99,79.28,80.20,79.03,289001568
2011-12-27,80.85,80.00,82.77,79.29,299346528
2011-12-26,81.00,81.42,82.94,80.51,349265440
2011-12-23,80.60,80.00,81.19,78.60,2092700
2011-12-22,81.40,80.00,81.40,79.00,305987680
2011-12-21,80.50,80.30,84.00,79.00,338671520
2011-12-20,77.42,82.71,82.71,77.42,371405728
2011-12-19,80.10,81.80,82.40,79.15,379829440
2011-12-16,83.05,80.63,83.38,80.51,222904096
2011-12-15,79.98,82.27,82.55,79.76,326773184
2011-12-14,81.90,80.80,83.65,80.36,352715616
2011-12-13,79.81,82.72,82.89,78.03,388135520
2011-12-12,83.51,79.90,84.80,79.17,267378544
2011-12-09,84.12,82.40,84.63,81.65,329421184
2011-12-08,86.01,85.99,87.84,85.30,281726688
2011-12-07,87.18,85.25,87.47,83.75,356619328
2011-12-06,88.94,85.90,89.32,85.75,306040576
2011-12-05,89.56,89.93,90.52,88.96,202788432
2011-12-02,88.15,89.50,91.28,86.50,410145152
2011-12-01,89.14,87.70,89.90,86.41,392995200
2011-11-30,82.10,87.55,87.69,81.03,448111296
2011-11-29,83.52,82.58,83.75,81.83,251721600
2011-11-28,80.00,83.00,83.07,79.52,320434016
2011-11-25,75.40,78.27,78.75,73.75,319155936
2011-11-24,76.73,73.82,77.29,73.82,177337888
2011-11-23,75.00,76.80,77.44,74.42,335403040
2011-11-22,76.94,76.40,77.76,75.10,272599360
2011-11-21,79.00,75.99,79.37,75.85,293803296
